date,industrial_production,capacity_utilization,real_GDP_growth_rate,unemployment_rate,nonfarm_payroll,laborforce_participation,civilian_labor_force,CPI,core_CPI,PPI,federal_funds_rate,real_M1_money_supply_growth,real_M2_money_supply_growth,10Y_treasury_yield,5Y_treasury_yield,7Y_treasury_yield,30Y_treasury_yield,3Y_treasury_yield,2Y_treasury_yield,1Y_treasury_yield,consumer_sentiment,personal_consumption_expenditures,real_disposable_personal_income,total_consumer_credit,trade_balance,building_permits,housing_start,median_sale_price_new_houses,nonfarm_business_sector_real_output_per_hour,recession,gold_price,SP500_price,DJI_price
2000-01-01,91.4092,82.0932,-1.3647608682346948,4.0,131011.0,67.3,142267.0,169.3,179.3,128.3,5.45,1122.1,4667.6,6.66,6.58,6.7,6.63,6.49,6.44,6.12,112.0,6542.9,9799.9,1538520.18,-356.583,1727.0,1636.0,163500.0,71.22,0,450.5,1710,10350
2000-02-01,91.7245,82.0943,0.490693123142492,4.1,131121.0,67.3,142456.0,170.0,179.4,129.8,5.73,1108.6,4680.9,6.52,6.68,6.72,6.23,6.65,6.61,6.22,111.3,6625.3,9837.9,1549185.29,-356.583,1692.0,1737.0,162400.0,71.22,0,501.0,1520,10700
2000-03-01,92.083,82.134,8.777163891419496,4.0,131604.0,67.3,142434.0,171.0,180.0,130.8,5.85,1107.5,4711.7,6.26,6.5,6.51,6.05,6.53,6.53,6.22,107.1,6686.5,9864.0,1561450.69,-356.583,1651.0,1604.0,165100.0,71.22,0,401.5,1730,11050
2000-04-01,92.6659,82.3741,10.75320228889352,3.8,131883.0,67.3,142751.0,170.9,180.3,130.7,6.02,1115.6,4767.8,5.99,6.26,6.27,5.85,6.36,6.4,6.15,109.2,6679.1,9913.7,1570527.74,-362.501,1597.0,1626.0,162600.0,72.659,0,452.0,1540,10200
2000-05-01,92.9347,82.335,6.151321799588522,4.0,132105.0,67.1,142388.0,171.2,180.7,131.6,6.27,1104.9,4755.7,6.44,6.69,6.69,6.15,6.77,6.81,6.33,110.7,6709.7,9954.5,1583507.92,-362.501,1543.0,1575.0,164700.0,72.659,0,502.5,1750,10550
2000-06-01,93.0018,82.1191,2.3793196339137226,4.0,132062.0,67.1,142591.0,172.2,181.1,133.8,6.53,1102.6,4773.6,6.1,6.3,6.33,5.93,6.43,6.48,6.17,106.4,6746.9,9982.3,1609548.04,-362.501,1572.0,1559.0,160100.0,72.659,0,403.0,1560,10900
2000-07-01,92.8373,81.7036,-3.162280006439748,4.0,132228.0,66.9,142278.0,172.7,181.5,133.7,6.54,1103.5,4791.3,6.05,6.18,6.22,5.85,6.28,6.34,6.08,108.3,6768.5,10035.9,1629751.44,-393.867,1542.0,1463.0,169000.0,72.59,0,453.5,1770,11250
2000-08-01,92.591,81.2193,-1.1030745234541164,4.1,132234.0,66.9,142514.0,172.7,181.9,132.9,6.5,1100.2,4819.5,5.83,6.06,6.05,5.72,6.17,6.23,6.18,107.3,6802.8,10098.3,1651615.4,-393.867,1552.0,1541.0,166600.0,72.59,0,504.0,1580,10400
2000-09-01,92.9827,81.2955,4.449716201724597,3.9,132338.0,66.9,142518.0,173.6,182.3,134.7,6.52,1099.7,4855.3,5.8,5.93,5.98,5.83,6.02,6.08,6.13,106.8,6888.6,10110.3,1669000.81,-393.867,1570.0,1507.0,171500.0,72.59,0,404.5,1790,10750
2000-10-01,92.64,80.7298,3.5842380586431046,3.9,132352.0,66.8,142622.0,173.9,182.6,135.4,6.51,1098.7,4871.4,5.74,5.78,5.84,5.8,5.85,5.91,6.01,105.8,6893.8,10139.2,1684599.32,-411.343,1577.0,1549.0,176300.0,73.353,0,455.0,1600,11100
2000-11-01,92.6604,80.4815,2.270422384802806,3.9,132556.0,66.9,142962.0,174.2,183.1,135.0,6.51,1092.4,4882.8,5.72,5.7,5.78,5.78,5.79,5.88,6.09,107.6,6909.8,10143.5,1700944.54,-411.343,1614.0,1551.0,174700.0,73.353,0,505.5,1810,11450
2000-12-01,92.3457,79.9449,-1.648519315269112,3.9,132716.0,67.0,143248.0,174.6,183.3,136.2,6.4,1088.6,4927.7,5.24,5.17,5.28,5.49,5.26,5.35,5.6,98.4,6952.2,10164.3,1716969.72,-411.343,1543.0,1532.0,162000.0,73.353,0,406.0,1620,10600
2001-01-01,91.8908,79.2915,-3.307697459076352,4.2,132703.0,67.2,143800.0,175.6,183.9,140.0,5.98,1096.7,4978.4,5.16,4.86,5.13,5.54,4.77,4.76,4.81,94.7,6987.4,10211.7,1729851.68,-402.653,1699.0,1600.0,171300.0,72.937,0,460.5,1810,10850
2001-02-01,91.2851,78.5159,-1.7228452255608322,4.2,132788.0,67.1,143701.0,176.0,184.4,137.4,5.49,1101.2,5017.1,5.1,4.89,5.1,5.45,4.71,4.66,4.68,90.6,7001.8,10223.4,1748702.02,-402.653,1656.0,1625.0,169100.0,72.937,0,511.0,1620,11200
2001-03-01,91.0585,78.0741,2.5613271284910675,4.3,132751.0,67.2,143924.0,176.1,184.7,135.9,5.31,1108.9,5074.9,4.89,4.64,4.88,5.34,4.43,4.34,4.3,91.5,6996.7,10254.4,1760541.84,-402.653,1659.0,1590.0,166300.0,72.937,0,411.5,1830,11550
2001-04-01,90.7384,77.561,4.096778383023544,4.4,132457.0,66.9,143569.0,176.4,185.1,136.4,4.8,1116.7,5139.2,5.14,4.76,5.03,5.65,4.42,4.23,3.98,88.4,7004.2,10233.1,1773098.33,-364.015,1666.0,1649.0,175200.0,74.195,1,462.0,1640,10700
2001-05-01,90.2607,76.9249,3.993899768353353,4.3,132409.0,66.7,143318.0,177.3,185.3,136.8,4.21,1118.5,5137.3,5.39,4.93,5.24,5.78,4.51,4.26,3.78,92.0,7052.8,10214.7,1781177.46,-364.015,1665.0,1605.0,175300.0,74.195,1,512.5,1850,11050
2001-06-01,89.7811,76.3013,-1.259158078311311,4.5,132299.0,66.7,143357.0,177.7,186.0,135.5,3.97,1126.2,5180.3,5.28,4.81,5.14,5.67,4.35,4.08,3.58,92.6,7069.7,10218.1,1792368.09,-364.015,1626.0,1636.0,179400.0,74.195,1,413.0,1660,11400
2001-07-01,89.2352,75.6377,-3.393496945926769,4.6,132171.0,66.8,143654.0,177.4,186.4,133.4,3.77,1138.9,5210.2,5.24,4.76,5.06,5.61,4.31,4.04,3.62,92.4,7082.3,10370.7,1797350.57,-370.634,1598.0,1670.0,175000.0,74.613,1,463.5,1870,11750
2001-08-01,89.157,75.3826,-1.9657517550076684,4.9,132021.0,66.5,143284.0,177.4,186.7,133.4,3.65,1150.2,5243.9,4.97,4.57,4.84,5.48,4.04,3.76,3.47,91.5,7121.7,10543.1,1806359.04,-370.634,1615.0,1567.0,173700.0,74.613,1,514.0,1680,10900
2001-09-01,88.6749,74.7982,-1.821135497459088,5.0,131763.0,66.8,143989.0,178.1,187.1,133.3,3.07,1205.7,5355.3,4.73,4.12,4.51,5.48,3.45,3.12,2.82,81.8,7007.0,10452.8,1814252.38,-370.634,1565.0,1562.0,166400.0,74.613,1,414.5,1890,11250
2001-10-01,88.4051,74.4059,2.5746195815665955,5.3,131452.0,66.7,144086.0,177.6,187.4,130.3,2.49,1165.7,5344.0,4.57,3.91,4.31,5.32,3.14,2.73,2.33,82.7,7212.9,10267.7,1829840.26,-369.688,1566.0,1540.0,171300.0,75.555,1,465.0,1700,11600
2001-11-01,87.886,73.8179,2.211465854762229,5.5,131144.0,66.7,144240.0,177.5,188.1,129.8,2.09,1171.0,5387.7,4.65,3.97,4.42,5.12,3.22,2.78,2.18,83.9,7182.3,10279.7,1857842.79,-369.688,1651.0,1602.0,168100.0,75.555,1,515.5,1910,11950
2001-12-01,87.8518,73.6523,3.350201950196732,5.7,130983.0,66.7,144305.0,177.4,188.4,128.1,1.82,1183.2,5440.7,5.09,4.39,4.86,5.48,3.62,3.11,2.22,88.8,7166.7,10298.9,1867852.87,-369.688,1680.0,1568.0,180200.0,75.555,0,416.0,1720,11100
2002-01-01,88.4634,74.042,4.122685273844011,5.7,130859.0,66.5,143883.0,177.7,188.7,128.5,1.73,1190.7,5461.1,5.04,4.34,4.79,5.45,3.56,3.03,2.16,93.0,7184.6,10514.7,1867418.69,-386.884,1665.0,1698.0,187100.0,77.135,0,470.5,1910,11350
2002-02-01,88.4578,73.9315,3.380648289708048,5.7,130736.0,66.8,144653.0,178.0,189.1,128.4,1.74,1190.6,5490.4,4.91,4.3,4.71,5.45,3.55,3.02,2.23,90.7,7225.2,10531.6,1881905.37,-386.884,1787.0,1829.0,191100.0,77.135,0,521.0,1720,11700
2002-03-01,89.1265,74.401,1.939668222546747,5.7,130722.0,66.6,144481.0,178.5,189.2,129.8,1.73,1193.3,5502.2,5.28,4.74,5.14,5.81,4.14,3.56,2.57,95.7,7243.4,10539.0,1894690.33,-386.884,1691.0,1642.0,183400.0,77.135,0,421.5,1930,12050
2002-04-01,89.5507,74.683,2.6321989768150797,5.9,130615.0,66.7,144725.0,179.3,189.7,130.8,1.75,1186.9,5502.3,5.21,4.65,5.02,5.79,4.01,3.42,2.48,93.0,7312.5,10574.2,1903957.99,-428.259,1669.0,1592.0,187100.0,77.259,0,472.0,1740,11200
2002-05-01,89.9348,74.948,2.1169593310760955,5.8,130632.0,66.7,144938.0,179.5,190.0,130.8,1.75,1189.3,5528.5,5.16,4.49,4.9,5.76,3.8,3.26,2.35,96.9,7288.9,10616.5,1914613.99,-428.259,1716.0,1764.0,181000.0,77.259,0,522.5,1950,11550
2002-06-01,90.6736,75.5244,2.583931143870212,5.8,130673.0,66.6,144808.0,179.6,190.2,130.9,1.75,1193.3,5553.5,4.93,4.19,4.6,5.68,3.49,2.99,2.2,92.4,7322.5,10648.2,1927180.98,-428.259,1758.0,1717.0,190600.0,77.259,0,423.0,1760,11900
2002-07-01,90.6436,75.4765,1.387138119399574,5.8,130583.0,66.5,144803.0,180.0,190.5,131.2,1.73,1199.1,5596.2,4.65,3.81,4.3,5.59,3.01,2.56,1.96,88.1,7387.3,10621.0,1939211.4,-447.548,1738.0,1655.0,175600.0,77.852,0,473.5,1970,12250
2002-08-01,90.5505,75.39,1.6086659597753172,5.7,130582.0,66.6,145009.0,180.5,191.1,131.5,1.74,1187.1,5638.4,4.26,3.29,3.88,5.28,2.52,2.13,1.76,87.6,7412.6,10623.0,1947500.09,-447.548,1695.0,1633.0,178900.0,77.852,0,524.0,1780,11400
2002-09-01,90.6373,75.4643,-0.0550538337641741,5.7,130503.0,66.7,145552.0,180.8,191.3,132.3,1.75,1196.1,5662.5,3.87,2.94,3.5,4.96,2.32,2.0,1.72,86.1,7391.5,10633.6,1950651.39,-447.548,1803.0,1804.0,177500.0,77.852,0,424.5,1990,11750
2002-10-01,90.3988,75.2771,-0.2939733557169446,5.7,130617.0,66.6,145314.0,181.2,191.5,133.2,1.75,1204.0,5707.2,3.94,2.95,3.54,5.18,2.25,1.91,1.65,80.6,7435.2,10661.8,1957151.3,-496.289,1799.0,1648.0,189200.0,77.749,0,475.0,1800,12100
2002-11-01,90.8947,75.7113,1.8920590221046067,5.9,130616.0,66.4,145041.0,181.5,191.9,133.1,1.34,1209.6,5758.2,4.05,3.05,3.64,5.18,2.32,1.92,1.49,84.2,7463.8,10690.9,1965179.13,-496.289,1771.0,1753.0,181200.0,77.749,0,525.5,2010,12450
2002-12-01,90.3906,75.3192,0.0594125211407123,6.0,130465.0,66.3,145066.0,181.8,192.1,132.9,1.24,1220.2,5779.5,4.03,3.03,3.63,5.13,2.23,1.84,1.45,86.7,7519.9,10719.9,1972112.21,-496.289,1896.0,1788.0,197600.0,77.749,0,426.0,1820,11600
2003-01-01,91.1369,75.9737,3.417918551541868,5.8,130573.0,66.4,145937.0,182.6,192.4,135.3,1.24,1227.3,5812.3,4.05,3.05,3.6,5.14,2.18,1.74,1.36,82.4,7541.3,10710.4,1982561.31,-525.262,1808.0,1853.0,181700.0,78.509,0,480.5,2010,11850
2003-02-01,91.2505,76.0964,1.8841160874590477,5.9,130441.0,66.4,146100.0,183.6,192.5,137.6,1.26,1238.2,5848.4,3.9,2.9,3.45,5.02,2.05,1.63,1.3,79.9,7548.6,10674.0,1993405.69,-525.262,1854.0,1629.0,187000.0,78.509,0,531.0,1820,12200
2003-03-01,91.0006,75.9158,2.8614383643564087,5.9,130235.0,66.3,146022.0,183.9,192.5,141.2,1.25,1239.3,5868.6,3.81,2.78,3.34,5.03,1.98,1.57,1.24,77.6,7611.5,10696.5,2001208.15,-525.262,1757.0,1726.0,185100.0,78.509,0,431.5,2030,12550
2003-04-01,90.4311,75.471,2.225414461980122,6.0,130172.0,66.4,146474.0,183.2,192.5,136.8,1.26,1250.0,5905.7,3.96,2.93,3.47,5.13,2.06,1.62,1.27,86.0,7634.5,10752.7,2014099.78,-519.87,1803.0,1643.0,189500.0,79.546,0,482.0,1840,11700
2003-05-01,90.4,75.4753,5.230081929111806,6.1,130196.0,66.4,146500.0,182.9,192.9,136.7,1.26,1268.8,5965.5,3.57,2.52,3.07,4.76,1.75,1.42,1.18,92.1,7650.3,10832.0,2027502.51,-519.87,1835.0,1751.0,195500.0,79.546,0,532.5,2050,12050
2003-06-01,90.5196,75.6024,7.016787133454463,6.3,130185.0,66.5,147056.0,183.1,193.0,138.0,1.22,1281.0,6002.4,3.33,2.27,2.84,4.62,1.51,1.23,1.01,89.7,7699.6,10860.6,2033268.41,-519.87,1875.0,1867.0,187900.0,79.546,0,433.0,1860,12400
2003-07-01,90.9869,76.0121,7.441615727842965,6.2,130184.0,66.2,146485.0,183.7,193.4,137.7,1.01,1287.5,6049.4,3.98,2.87,3.45,5.13,1.93,1.47,1.12,90.9,7757.0,10991.1,2040064.39,-518.994,1885.0,1897.0,190200.0,81.297,0,483.5,2070,12750
2003-08-01,90.7933,75.865,5.711250462965936,6.1,130153.0,66.1,146445.0,184.5,193.6,138.0,1.03,1296.4,6107.3,4.45,3.37,3.96,5.45,2.44,1.86,1.31,89.3,7852.1,11066.7,2049124.34,-518.994,1966.0,1833.0,190500.0,81.297,0,534.0,1880,11900
2003-09-01,91.3819,76.3685,6.36799049197702,6.1,130253.0,66.1,146530.0,185.1,193.7,138.5,1.01,1297.2,6079.9,4.27,3.18,3.74,5.28,2.23,1.71,1.24,87.7,7853.7,10940.8,2057090.79,-518.994,1961.0,1939.0,192000.0,81.297,0,434.5,2090,12250
2003-10-01,91.5049,76.4833,4.515432602422399,6.0,130440.0,66.1,146716.0,184.9,194.0,139.3,1.01,1297.8,6070.2,4.29,3.19,3.75,5.3,2.26,1.75,1.25,89.6,7867.4,10982.3,2065495.1,-523.694,2012.0,1967.0,194100.0,82.063,0,485.0,1900,12600
2003-11-01,92.1265,77.0141,3.751596063174941,5.8,130481.0,66.1,147000.0,185.0,194.0,138.9,1.0,1299.1,6075.7,4.3,3.29,3.81,5.25,2.45,1.93,1.34,93.7,7922.6,11048.4,2066400.09,-523.694,1918.0,2083.0,207100.0,82.063,0,535.5,2110,12950
2003-12-01,92.1732,77.0642,2.0537736987217534,5.7,130589.0,65.9,146729.0,185.5,194.2,139.5,0.98,1306.2,6074.0,4.27,3.27,3.79,5.21,2.44,1.91,1.31,92.6,7950.4,11057.2,2077360.69,-523.694,1987.0,2057.0,196000.0,82.063,0,436.0,1920,12100
2004-01-01,92.3268,77.2041,1.2364401801274687,5.7,130756.0,66.1,146842.0,186.3,194.6,141.4,1.0,1306.0,6082.2,4.15,3.12,3.65,5.13,2.27,1.76,1.24,103.8,8007.1,11051.2,2088243.04,-565.975,1952.0,1911.0,209500.0,81.823,0,490.5,2110,12350
2004-02-01,92.8995,77.6963,2.509970019064995,5.6,130820.0,66.0,146709.0,186.7,194.9,142.1,1.01,1321.4,6121.9,4.08,3.07,3.59,5.08,2.25,1.74,1.24,94.4,8040.4,11071.0,2095340.36,-565.975,1966.0,1846.0,219600.0,81.823,0,541.0,1920,12700
2004-03-01,92.5368,77.4077,3.7486935987782513,5.8,131139.0,66.0,146944.0,187.1,195.5,143.1,1.0,1328.7,6158.0,3.83,2.79,3.31,4.9,2.0,1.58,1.19,95.8,8098.8,11115.6,2109720.32,-565.975,2066.0,1998.0,209600.0,81.823,0,441.5,2130,13050
2004-04-01,92.8957,77.7236,2.3518856518155014,5.6,131412.0,65.9,146850.0,187.4,195.9,144.8,1.0,1332.8,6199.1,4.35,3.39,3.89,5.28,2.57,2.07,1.43,94.2,8107.2,11153.3,2112716.15,-617.581,2070.0,2003.0,222300.0,82.68,0,492.0,1940,12200
2004-05-01,93.5845,78.3145,3.865796925964484,5.6,131697.0,66.0,147065.0,188.2,196.2,146.8,1.0,1333.3,6275.9,4.72,3.85,4.31,5.51,3.1,2.53,1.78,90.2,8176.5,11208.9,2120839.15,-617.581,2150.0,1981.0,211700.0,82.68,0,542.5,2150,12550
2004-06-01,92.8651,77.724,3.0031234742516504,5.6,131794.0,66.1,147460.0,188.9,196.6,147.2,1.03,1342.7,6278.1,4.73,3.93,4.35,5.48,3.26,2.76,2.12,95.6,8157.6,11215.8,2127989.41,-617.581,2020.0,1828.0,215700.0,82.68,0,443.0,1960,12900
2004-07-01,93.5502,78.305,4.531732590131388,5.5,131853.0,66.1,147692.0,189.1,196.8,147.4,1.26,1340.8,6291.3,4.5,3.69,4.11,5.31,3.05,2.64,2.1,96.7,8236.9,11240.5,2137092.98,-652.672,2112.0,2002.0,212400.0,83.067,0,493.5,2170,13250
2004-08-01,93.6301,78.3738,3.667092694981301,5.4,131940.0,66.0,147564.0,189.2,196.9,148.0,1.43,1354.3,6317.9,4.28,3.47,3.9,5.15,2.88,2.51,2.02,95.9,8271.6,11274.6,2143435.12,-652.672,2056.0,2024.0,218100.0,83.067,0,544.0,1980,12400
2004-09-01,93.7353,78.4547,3.1708777284783785,5.4,132091.0,65.8,147415.0,189.8,197.5,147.7,1.61,1362.5,6352.3,4.13,3.36,3.75,4.98,2.83,2.53,2.12,94.2,8341.5,11279.6,2160148.3,-652.672,2041.0,1905.0,211600.0,83.067,0,444.5,2190,12750
2004-10-01,94.5695,79.1352,4.19528860175051,5.5,132431.0,65.9,147793.0,190.8,197.9,150.0,1.76,1362.3,6379.9,4.1,3.35,3.75,4.94,2.85,2.58,2.23,91.7,8397.1,11282.5,2176719.34,-700.336,2097.0,2072.0,229200.0,83.428,0,495.0,2000,13100
2004-11-01,94.8015,79.3,3.915925177401471,5.4,132504.0,66.0,148162.0,191.7,198.3,151.4,1.93,1374.2,6406.5,4.19,3.53,3.88,4.95,3.09,2.85,2.5,92.8,8444.5,11246.1,2183746.35,-700.336,2079.0,1782.0,224500.0,83.428,0,545.5,2210,13450
2004-12-01,95.5415,79.8779,6.123848266382569,5.4,132629.0,65.9,148059.0,191.7,198.6,150.2,2.16,1376.0,6424.7,4.23,3.6,3.93,4.91,3.21,3.01,2.67,97.1,8504.4,11659.0,2192246.17,-700.336,2082.0,2042.0,229600.0,83.428,0,446.0,2020,12600
2005-01-01,95.8785,80.1076,5.107269221792701,5.3,132781.0,65.8,148029.0,191.6,199.0,150.9,2.28,1367.1,6431.0,4.22,3.71,3.97,4.77,3.39,3.22,2.86,95.5,8497.7,11226.5,2196777.63,-696.655,2139.0,2144.0,223100.0,84.324,0,500.5,2210,12850
2005-02-01,96.5709,80.6185,3.814489169780044,5.4,133033.0,65.9,148364.0,192.4,199.4,151.6,2.5,1371.1,6439.1,4.17,3.77,3.97,4.56,3.54,3.38,3.03,94.1,8559.1,11229.0,2211558.71,-696.655,2114.0,2207.0,237300.0,84.324,0,551.0,2020,13200
2005-03-01,96.4345,80.4254,0.592045145837877,5.2,133152.0,65.9,148391.0,193.1,200.1,153.7,2.63,1370.9,6448.4,4.5,4.17,4.33,4.77,3.91,3.73,3.3,92.6,8598.4,11268.8,2220199.19,-696.655,2062.0,1864.0,229300.0,84.324,0,451.5,2230,13550
2005-04-01,96.6347,80.5049,2.0512988177309954,5.2,133519.0,66.1,148926.0,193.7,200.2,155.0,2.79,1358.4,6462.0,4.34,4.0,4.16,4.65,3.79,3.65,3.32,87.7,8678.4,11304.2,2232535.38,-707.21,2150.0,2061.0,236300.0,84.252,0,502.0,2040,12700
2005-05-01,96.7251,80.4835,1.2856116777263364,5.1,133689.0,66.1,149261.0,193.6,200.5,154.3,3.0,1366.0,6479.2,4.14,3.85,3.94,4.49,3.72,3.64,3.33,86.9,8671.6,11352.7,2232671.52,-707.21,2085.0,2025.0,228300.0,84.252,0,552.5,2250,13050
2005-06-01,97.1483,80.7304,3.9774460174297968,5.0,133947.0,66.1,149238.0,193.7,200.6,154.3,3.04,1380.1,6511.8,4.0,3.77,3.86,4.28,3.69,3.64,3.36,96.0,8753.4,11375.5,2247833.43,-707.21,2178.0,2068.0,226100.0,84.252,0,453.0,2060,13400
2005-07-01,96.8397,80.3636,3.4240691442476408,5.0,134300.0,66.1,149432.0,194.9,200.9,156.3,3.26,1369.0,6543.7,4.18,3.98,4.06,4.38,3.91,3.87,3.64,96.5,8853.8,11387.1,2257230.94,-750.961,2203.0,2054.0,229200.0,84.826,0,503.5,2270,13750
2005-08-01,97.1584,80.5144,4.227885877558385,4.9,134503.0,66.2,149779.0,196.1,201.1,157.6,3.5,1377.8,6576.5,4.26,4.12,4.18,4.44,4.08,4.04,3.87,89.1,8850.1,11405.3,2267044.88,-750.961,2219.0,2095.0,240100.0,84.826,0,554.0,2080,12900
2005-09-01,95.2764,78.8408,0.137657910451197,5.0,134554.0,66.1,149954.0,198.8,201.3,162.2,3.62,1378.6,6610.3,4.2,4.01,4.08,4.45,3.96,3.95,3.85,76.9,8900.4,11365.2,2271633.28,-750.961,2263.0,2151.0,240400.0,84.826,0,454.5,2290,13250
2005-10-01,96.4411,79.6882,1.089356327664068,5.0,134643.0,66.1,150001.0,199.1,202.0,166.2,3.78,1376.5,6644.1,4.46,4.33,4.38,4.64,4.29,4.27,4.18,74.2,8938.5,11428.7,2276843.14,-804.786,2170.0,2065.0,243900.0,84.831,0,505.0,2100,13600
2005-11-01,97.5016,80.4459,3.457793015897515,5.0,134999.0,66.0,150065.0,198.1,202.5,163.7,4.0,1376.1,6660.8,4.54,4.45,4.48,4.7,4.43,4.42,4.33,81.6,8946.2,11500.1,2283661.27,-804.786,2218.0,2147.0,237900.0,84.831,0,555.5,2310,13950
2005-12-01,97.9723,80.7149,5.24589431510298,4.9,135158.0,66.0,150030.0,198.1,202.8,163.0,4.16,1374.3,6688.0,4.47,4.39,4.41,4.62,4.39,4.4,4.35,91.5,8981.1,11535.2,2290928.13,-804.786,2120.0,1994.0,238600.0,84.831,0,456.0,2120,13100
2006-01-01,98.127,80.7219,7.207352747983032,4.7,135426.0,66.0,150214.0,199.3,203.2,164.3,4.29,1379.5,6730.3,4.42,4.35,4.37,4.57,4.35,4.4,4.45,91.2,9071.6,11651.8,2367471.08,-790.818,2212.0,2273.0,244900.0,85.417,0,510.5,2310,13350
2006-02-01,98.1687,80.6346,4.706775345137165,4.8,135731.0,66.1,150641.0,199.4,203.6,161.8,4.49,1378.4,6754.9,4.57,4.57,4.56,4.57,4.64,4.67,4.68,86.7,9096.0,11702.8,2374977.32,-790.818,2141.0,2119.0,250800.0,85.417,0,561.0,2120,13700
2006-03-01,98.3913,80.693,3.1255883943524987,4.7,136036.0,66.2,150813.0,199.7,204.3,162.2,4.59,1383.2,6769.5,4.72,4.72,4.71,4.73,4.74,4.73,4.77,88.9,9132.9,11747.5,2385807.89,-790.818,2118.0,1969.0,238800.0,85.417,0,461.5,2330,14050
2006-04-01,98.6826,80.8033,-0.1829868637394529,4.7,136208.0,66.1,150881.0,200.7,204.8,164.3,4.79,1381.4,6807.0,4.99,4.9,4.94,5.06,4.89,4.89,4.9,87.4,9191.6,11744.4,2397680.6,-794.042,1998.0,1821.0,257000.0,85.323,0,512.0,2140,13200
2006-05-01,98.7074,80.6874,-0.2784731651961474,4.6,136249.0,66.1,151069.0,201.3,205.4,165.8,4.94,1387.2,6813.9,5.11,5.0,5.03,5.2,4.97,4.97,5.0,79.1,9231.8,11736.8,2407161.45,-794.042,1905.0,1942.0,238200.0,85.323,0,562.5,2350,13550
2006-06-01,99.0398,80.8131,-0.5305132866240325,4.6,136335.0,66.2,151354.0,201.8,205.9,166.1,4.99,1375.4,6852.1,5.11,5.07,5.08,5.15,5.09,5.12,5.16,84.9,9259.6,11751.9,2395813.18,-794.042,1867.0,1802.0,243200.0,85.323,0,463.0,2160,13900
2006-07-01,98.9751,80.6047,-0.5665727493361645,4.7,136529.0,66.1,151377.0,202.9,206.3,166.8,5.24,1372.4,6893.9,5.09,5.04,5.05,5.13,5.07,5.12,5.22,84.7,9343.8,11746.9,2403099.25,-823.284,1763.0,1737.0,238100.0,85.156,0,513.5,2370,14250
2006-08-01,99.4047,80.7869,2.4911041901831013,4.7,136693.0,66.2,151716.0,203.8,206.8,167.9,5.25,1372.4,6925.3,4.88,4.82,4.83,5.0,4.85,4.9,5.08,82.0,9342.2,11737.0,2415732.03,-823.284,1722.0,1650.0,243900.0,85.156,0,564.0,2180,13400
2006-09-01,99.2246,80.4643,3.4322898054034905,4.5,136829.0,66.1,151662.0,202.8,207.2,165.4,5.25,1364.4,6952.6,4.72,4.67,4.68,4.85,4.69,4.77,4.97,85.4,9375.4,11800.1,2426813.23,-823.284,1655.0,1720.0,226700.0,85.156,0,464.5,2390,13750
2006-10-01,99.1229,80.1979,3.852429801936191,4.4,136846.0,66.2,152041.0,201.9,207.6,162.2,5.25,1370.3,7002.0,4.73,4.69,4.69,4.85,4.72,4.8,5.01,93.6,9393.6,11853.7,2429399.86,-737.668,1570.0,1491.0,250400.0,85.708,0,515.0,2200,14100
2006-11-01,99.0963,79.9873,3.368220674065327,4.5,137061.0,66.3,152406.0,202.0,207.8,164.6,5.25,1370.8,7037.5,4.6,4.58,4.58,4.69,4.64,4.74,5.01,92.1,9400.2,11901.9,2440749.07,-737.668,1535.0,1570.0,240100.0,85.708,0,565.5,2410,14450
2006-12-01,100.1125,80.6149,3.174298883058668,4.4,137249.0,66.4,152732.0,203.1,208.1,165.6,5.24,1366.6,7080.4,4.56,4.53,4.54,4.68,4.58,4.67,4.94,91.7,9488.3,11958.6,2456715.7,-737.668,1638.0,1649.0,244700.0,85.708,0,466.0,2220,13600
2007-01-01,99.7546,80.1358,-1.2884702595908109,4.6,137472.0,66.4,153144.0,203.437,208.6,164.0,5.25,1371.7,7118.5,4.76,4.75,4.75,4.85,4.79,4.88,5.06,96.9,9538.7,11956.6,2457945.58,-739.273,1626.0,1409.0,254400.0,86.015,0,520.5,2410,13850
2007-02-01,100.7166,80.7193,1.093638888972271,4.5,137558.0,66.3,152983.0,204.226,209.135,166.8,5.26,1363.0,7134.6,4.72,4.71,4.71,4.82,4.75,4.85,5.05,91.3,9566.0,11996.0,2470049.92,-739.273,1598.0,1480.0,250800.0,86.015,0,571.0,2220,14200
2007-03-01,100.8952,80.6791,2.769917466227146,4.4,137782.0,66.2,153051.0,205.288,209.418,169.3,5.26,1366.5,7168.5,4.56,4.48,4.5,4.72,4.51,4.57,4.92,88.4,9611.7,12035.1,2484433.18,-739.273,1596.0,1495.0,262600.0,86.015,0,471.5,2430,14550
2007-04-01,101.5723,81.0476,2.4097541101208373,4.5,137845.0,65.9,152435.0,205.904,209.747,171.4,5.25,1378.0,7241.0,4.69,4.59,4.62,4.87,4.6,4.67,4.93,87.1,9643.6,12052.8,2493729.77,-745.806,1470.0,1490.0,242500.0,86.274,0,522.0,2240,13700
2007-05-01,101.6269,80.9347,3.013540208746694,4.4,137993.0,66.0,152670.0,206.755,210.058,173.3,5.25,1380.9,7254.9,4.75,4.67,4.69,4.9,4.69,4.77,4.91,88.3,9685.8,12059.9,2510016.06,-745.806,1493.0,1415.0,245000.0,86.274,0,572.5,2450,14050
2007-06-01,101.6547,80.8222,2.06133921446536,4.6,138069.0,66.0,153041.0,207.234,210.392,173.8,5.25,1368.2,7288.1,5.1,5.03,5.05,5.2,5.0,4.98,4.96,85.3,9706.8,12053.3,2519121.04,-745.806,1407.0,1448.0,235500.0,86.274,0,473.0,2260,14400
2007-07-01,101.4953,80.5906,1.2013575238203105,4.7,138044.0,66.0,153054.0,207.603,210.773,175.1,5.26,1371.8,7319.0,5.0,4.88,4.93,5.11,4.82,4.82,4.96,90.4,9751.1,12066.4,2533667.67,-728.954,1361.0,1354.0,246200.0,87.029,0,523.5,2470,14750
2007-08-01,101.6943,80.6774,3.1409653949831218,4.6,138013.0,65.8,152749.0,207.667,211.119,172.4,5.02,1376.3,7395.1,4.67,4.43,4.53,4.93,4.34,4.31,4.47,83.4,9798.9,12070.9,2552767.07,-728.954,1321.0,1330.0,236500.0,87.029,0,574.0,2280,13900
2007-09-01,101.9428,80.8326,3.6610096800288914,4.7,138101.0,66.0,153414.0,208.547,211.554,173.5,4.94,1375.7,7413.3,4.52,4.2,4.33,4.79,4.06,4.01,4.14,83.4,9845.1,12089.6,2566995.36,-728.954,1261.0,1183.0,240300.0,87.029,0,474.5,2490,14250
2007-10-01,101.6446,80.5829,3.3732416885815595,4.7,138177.0,65.8,153183.0,209.19,212.077,174.7,4.76,1379.4,7428.4,4.53,4.2,4.33,4.77,4.01,3.97,4.1,80.9,9882.7,12080.4,2582326.03,-729.699,1192.0,1264.0,234300.0,87.715,0,525.0,2300,14600
2007-11-01,102.2167,81.0492,2.01245719294338,4.7,138291.0,66.0,153835.0,210.834,212.66,179.0,4.49,1371.8,7453.8,4.15,3.67,3.87,4.52,3.35,3.34,3.5,76.1,9955.9,12070.1,2597649.3,-729.699,1224.0,1197.0,249100.0,87.715,0,575.5,2510,14950
2007-12-01,102.2764,81.1309,-2.0627170496917957,5.0,138395.0,66.0,153918.0,211.445,213.168,178.6,4.24,1373.4,7484.2,4.1,3.49,3.74,4.53,3.13,3.12,3.26,75.5,9972.8,12120.5,2609476.53,-729.699,1149.0,1037.0,227700.0,87.715,0,476.0,2320,14100
2008-01-01,102.1493,81.0828,-3.192468913145921,5.0,138391.0,66.2,154063.0,212.174,213.771,181.0,3.94,1377.7,7517.8,3.74,2.98,3.31,4.33,2.51,2.48,2.71,78.4,9996.4,12137.1,2619427.65,-771.248,1094.0,1084.0,232400.0,87.137,1,530.5,2510,14350
2008-02-01,101.7756,80.8474,-2.431298621237493,4.9,138327.0,66.0,153653.0,212.687,213.939,182.7,2.98,1380.4,7604.2,3.74,2.78,3.21,4.52,2.19,1.97,2.05,70.8,9981.7,12141.8,2634496.42,-771.248,1014.0,1103.0,245300.0,87.137,1,581.0,2320,14700
2008-03-01,101.4508,80.6547,1.1540321108522271,5.1,138257.0,66.1,153908.0,213.448,214.42,187.9,2.61,1388.7,7670.3,3.51,2.48,2.93,4.39,1.8,1.62,1.54,69.5,10035.3,12145.9,2645603.64,-771.248,967.0,1005.0,229300.0,87.137,1,481.5,2530,15050
2008-04-01,100.7554,80.1636,4.494917931834824,5.0,138038.0,65.9,153769.0,213.942,214.56,190.9,2.28,1391.4,7712.8,3.68,2.84,3.19,4.44,2.23,2.05,1.74,62.6,10070.3,12100.8,2654243.23,-776.404,1008.0,1013.0,246400.0,88.159,1,532.0,2340,14200
2008-05-01,100.1336,79.7148,3.293094000616812,5.4,137851.0,66.1,154303.0,215.208,214.936,196.6,1.98,1393.4,7725.5,3.88,3.15,3.46,4.6,2.69,2.45,2.06,59.8,10132.3,12696.2,2660193.15,-776.404,995.0,973.0,229300.0,88.159,1,582.5,2550,14550
2008-06-01,99.8728,79.5288,1.4266994322196227,5.6,137698.0,66.1,154313.0,217.463,215.424,200.5,2.0,1404.6,7744.2,4.1,3.49,3.73,4.69,3.08,2.77,2.42,56.4,10187.1,12376.6,2662409.52,-776.404,1180.0,1046.0,234300.0,88.159,1,483.0,2360,14900
2008-07-01,99.4194,79.1573,-1.7166841514335045,5.8,137498.0,66.1,154469.0,219.016,215.965,205.5,2.01,1421.1,7791.5,4.01,3.3,3.6,4.57,2.87,2.57,2.28,61.2,10185.1,12188.7,2665321.26,-787.354,921.0,923.0,237300.0,88.373,1,533.5,2570,15250
2008-08-01,97.8491,77.8633,-5.138652380071624,6.1,137211.0,66.1,154641.0,218.69,216.393,199.0,2.0,1407.4,7806.1,3.89,3.14,3.46,4.5,2.7,2.42,2.18,63.0,10175.7,12120.6,2662237.78,-787.354,858.0,844.0,221000.0,88.373,1,584.0,2380,14400
2008-09-01,93.5576,74.3831,-9.679105624572552,6.1,136762.0,66.0,154570.0,218.877,216.713,196.9,1.81,1462.0,7872.7,3.69,2.88,3.25,4.27,2.32,2.08,1.91,70.3,10116.4,12149.0,2657389.13,-787.354,797.0,820.0,225200.0,88.373,1,484.5,2590,14750
2008-10-01,94.4985,75.0459,-8.529855193488078,6.5,136293.0,66.0,154876.0,216.995,216.788,186.4,0.97,1473.8,7975.3,3.81,2.73,3.19,4.17,1.86,1.61,1.42,57.6,10034.1,12240.5,2660729.5,-628.474,736.0,777.0,213200.0,87.9,1,535.0,2400,15100
2008-11-01,93.2617,73.9671,-10.911714251065709,6.8,135543.0,65.9,154639.0,213.153,216.947,176.8,0.39,1514.6,8027.3,3.53,2.29,2.82,4.0,1.51,1.21,1.07,55.3,9885.2,12345.9,2651481.39,-628.474,626.0,652.0,221600.0,87.9,1,585.5,2610,15450
2008-12-01,90.6266,71.7765,-7.760577358300301,7.3,134847.0,65.8,154655.0,211.398,216.925,170.9,0.16,1601.7,8205.0,2.42,1.52,1.89,2.87,1.07,0.82,0.49,60.1,9801.5,12288.8,2643788.96,-628.474,554.0,560.0,229600.0,87.9,1,486.0,2420,14600
2009-01-01,88.3712,69.8882,-4.325359653242062,7.8,134078.0,65.7,154210.0,211.933,217.346,171.2,0.15,1582.8,8289.4,2.52,1.6,1.98,3.13,1.13,0.81,0.44,61.2,9847.2,12361.5,2647028.86,-420.992,545.0,490.0,208600.0,88.902,1,540.5,2610,14850
2009-02-01,87.843,69.3805,0.2724606302490393,8.3,133317.0,65.8,154538.0,212.705,217.792,169.3,0.22,1567.2,8319.6,2.87,1.87,2.3,3.59,1.37,0.98,0.62,56.3,9824.5,12241.9,2638532.74,-420.992,558.0,582.0,209700.0,88.902,1,591.0,2420,15200
2009-03-01,86.4689,68.2145,-2.227571474443048,8.7,132492.0,65.6,154133.0,212.495,218.253,168.1,0.18,1578.9,8386.7,2.82,1.82,2.42,3.64,1.31,0.93,0.64,57.3,9773.2,12242.7,2622827.85,-420.992,513.0,505.0,205100.0,88.902,1,491.5,2630,15550
2009-04-01,85.7903,67.6067,-0.4485149721254915,9.0,131821.0,65.7,154509.0,212.709,218.706,169.1,0.15,1611.6,8391.4,2.93,1.86,2.47,3.76,1.32,0.93,0.55,65.1,9772.5,12320.0,2615973.01,-358.368,521.0,478.0,219200.0,90.943,1,542.0,2440,14700
2009-05-01,84.9436,66.8861,-0.3681018349086935,9.4,131468.0,65.7,154747.0,213.022,218.904,170.8,0.18,1617.5,8449.5,3.29,2.13,2.81,4.23,1.39,0.93,0.5,68.7,9791.6,12500.1,2610010.78,-358.368,556.0,540.0,222300.0,90.943,1,592.5,2650,15050
2009-06-01,84.6746,66.6446,-0.1911061149236594,9.5,131007.0,65.7,154716.0,214.79,219.112,174.1,0.21,1658.8,8459.5,3.72,2.71,3.37,4.52,1.76,1.18,0.51,70.8,9852.4,12273.2,2591475.41,-358.368,601.0,585.0,214700.0,90.943,1,493.0,2460,15400
2009-07-01,85.6853,67.4381,1.4755565424957948,9.5,130662.0,65.5,154502.0,214.726,219.263,172.5,0.16,1662.5,8463.8,3.56,2.46,3.14,4.41,1.55,1.02,0.48,66.0,9886.3,12218.7,2590854.98,-423.998,595.0,594.0,214200.0,92.391,0,543.5,2670,15750
2009-08-01,86.6393,68.2152,2.099254884059543,9.6,130472.0,65.4,154307.0,215.445,219.496,175.0,0.16,1660.0,8463.3,3.59,2.57,3.21,4.37,1.65,1.12,0.46,65.7,10004.1,12194.8,2582126.01,-423.998,616.0,586.0,207100.0,92.391,0,594.0,2480,14900
2009-09-01,87.3821,68.8533,4.760059313544618,9.8,130247.0,65.1,153827.0,215.861,219.92,174.1,0.15,1664.9,8461.8,3.4,2.37,3.02,4.19,1.48,0.96,0.4,73.5,9927.8,12230.6,2576594.39,-423.998,609.0,585.0,216600.0,92.391,0,494.5,2690,15250
2009-10-01,87.5809,69.0873,5.398130840740114,10.0,130062.0,65.0,153784.0,216.509,220.501,175.2,0.12,1677.7,8488.1,3.39,2.33,2.96,4.19,1.46,0.95,0.37,70.6,9976.7,12193.2,2563422.73,-473.254,583.0,534.0,215100.0,93.643,0,545.0,2500,15600
2009-11-01,87.9388,69.468,4.650386237288527,9.9,130058.0,65.0,153878.0,217.234,220.666,177.4,0.12,1683.0,8517.3,3.4,2.23,2.92,4.31,1.32,0.8,0.31,67.4,9985.7,12224.4,2551569.29,-473.254,623.0,588.0,218800.0,93.643,0,595.5,2710,15950
2009-12-01,88.2404,69.823,1.5953939704896825,9.9,129808.0,64.6,153111.0,217.347,220.881,178.1,0.12,1692.8,8512.5,3.59,2.34,3.07,4.49,1.38,0.87,0.37,72.5,10052.6,12280.2,2555016.64,-473.254,664.0,581.0,222600.0,93.643,0,496.0,2520,15100
2010-01-01,89.1897,70.7084,1.2382176261524518,9.8,129802.0,64.8,153484.0,217.488,220.633,181.9,0.11,1674.7,8478.0,3.73,2.48,3.21,4.6,1.49,0.93,0.35,74.4,10056.1,12285.8,2543508.02,-509.192,636.0,614.0,218200.0,93.744,0,550.5,2710,15350
2010-02-01,89.5046,71.1021,0.8085321398038587,9.8,129705.0,64.9,153694.0,217.281,220.731,181.0,0.13,1699.8,8527.6,3.69,2.36,3.12,4.62,1.4,0.86,0.35,73.6,10093.4,12292.0,2530024.28,-509.192,650.0,604.0,221900.0,93.744,0,601.0,2520,15700
2010-03-01,90.1356,71.7572,4.214819846805812,9.9,129865.0,64.9,153954.0,217.353,220.783,183.3,0.16,1711.9,8523.7,3.73,2.43,3.16,4.64,1.51,0.96,0.4,73.6,10156.0,12340.3,2536551.95,-509.192,687.0,636.0,224800.0,93.744,0,501.5,2730,16050
2010-04-01,90.4607,72.1775,4.677714062636044,9.9,130120.0,65.2,154622.0,217.403,220.822,184.4,0.2,1699.0,8555.1,3.85,2.58,3.28,4.69,1.64,1.06,0.45,72.2,10182.3,12447.1,2532764.79,-542.514,637.0,687.0,208300.0,94.055,0,552.0,2540,15200
2010-05-01,91.7014,73.3305,4.214211038416341,9.6,130643.0,64.9,154091.0,217.29,220.962,184.8,0.2,1710.1,8609.3,3.42,2.18,2.86,4.29,1.32,0.83,0.37,73.6,10210.8,12540.3,2521687.94,-542.514,575.0,583.0,230500.0,94.055,0,602.5,2750,15550
2010-06-01,91.9033,73.6492,2.976264690187645,9.4,130509.0,64.6,153616.0,217.199,221.194,183.5,0.18,1731.6,8628.4,3.2,2.0,2.66,4.13,1.17,0.72,0.32,76.0,10231.3,12544.3,2518416.41,-542.514,587.0,536.0,219500.0,94.055,0,503.0,2560,15900
2010-07-01,92.2549,74.0764,2.845193635088447,9.4,130415.0,64.6,153691.0,217.605,221.363,184.1,0.18,1724.0,8639.8,3.01,1.76,2.43,3.99,0.98,0.62,0.29,67.8,10268.1,12554.2,2521104.8,-553.943,579.0,546.0,212100.0,94.663,0,553.5,2770,16250
2010-08-01,92.5936,74.479,2.8201072782627543,9.5,130416.0,64.7,154086.0,217.923,221.509,184.9,0.19,1748.7,8688.2,2.7,1.47,2.1,3.8,0.78,0.52,0.26,68.9,10307.1,12591.4,2520422.13,-553.943,580.0,599.0,226600.0,94.663,0,604.0,2580,15400
2010-09-01,92.8533,74.8001,3.3091298683655865,9.5,130342.0,64.6,153975.0,218.275,221.711,184.9,0.19,1766.2,8718.9,2.65,1.41,2.05,3.77,0.74,0.48,0.26,68.2,10327.1,12589.9,2522094.23,-553.943,563.0,594.0,228000.0,94.663,0,504.5,2790,15750
2010-10-01,92.6033,74.6921,2.7685306367461244,9.4,130621.0,64.4,153635.0,219.035,221.83,186.6,0.19,1780.4,8768.7,2.54,1.18,1.85,3.87,0.57,0.38,0.23,67.7,10386.4,12592.5,2530106.0,-523.586,558.0,543.0,204200.0,94.963,0,555.0,2600,16100
2010-11-01,92.6686,74.8191,1.1181153119430722,9.8,130749.0,64.6,154125.0,219.59,222.149,187.7,0.19,1828.4,8789.3,2.76,1.35,2.02,4.19,0.67,0.45,0.25,71.6,10433.6,12605.1,2531232.26,-523.586,560.0,545.0,219600.0,94.963,0,605.5,2810,16450
2010-12-01,93.5916,75.6199,-1.1252938183908356,9.3,130830.0,64.3,153650.0,220.472,222.343,189.7,0.18,1836.7,8822.9,3.29,1.93,2.66,4.42,0.99,0.62,0.29,74.5,10471.0,12680.6,2646811.26,-523.586,632.0,539.0,241200.0,94.963,0,506.0,2620,15600
2011-01-01,93.3889,75.4919,-3.1146463381940177,9.1,130837.0,64.2,153263.0,221.187,222.803,192.7,0.17,1846.3,8845.2,3.39,1.99,2.72,4.52,1.03,0.61,0.27,74.2,10514.3,12740.1,2657360.1,-568.476,576.0,630.0,240100.0,94.263,0,560.5,2810,15850
2011-02-01,93.0045,75.1957,-1.3912009656935589,9.0,131056.0,64.1,153214.0,221.898,223.213,195.8,0.16,1870.1,8909.0,3.58,2.26,2.96,4.65,1.28,0.77,0.29,77.5,10540.6,12776.6,2663779.92,-568.476,542.0,517.0,220100.0,94.263,0,611.0,2620,16200
2011-03-01,93.9684,75.9692,4.694843646193024,9.0,131282.0,64.2,153376.0,223.046,223.454,199.2,0.14,1896.5,8967.0,3.41,2.11,2.8,4.51,1.17,0.7,0.26,67.5,10619.7,12742.7,2672031.38,-568.476,583.0,600.0,220500.0,94.263,0,511.5,2830,16550
2011-04-01,93.6571,75.6918,3.885369598371141,9.1,131597.0,64.2,153543.0,224.093,223.727,203.1,0.1,1897.0,9030.4,3.46,2.17,2.84,4.5,1.21,0.73,0.25,69.8,10652.1,12721.3,2679950.15,-581.092,581.0,554.0,224700.0,94.321,0,562.0,2640,15700
2011-05-01,93.7723,75.7389,2.471987715369462,9.0,131704.0,64.1,153479.0,224.806,224.175,204.1,0.09,1941.6,9102.7,3.17,1.84,2.51,4.29,0.94,0.56,0.19,74.3,10672.2,12705.3,2683973.45,-581.092,618.0,561.0,222000.0,94.321,0,612.5,2850,16050
2011-06-01,94.0493,75.8967,-0.3197859986094493,9.1,131931.0,64.0,153346.0,224.806,224.697,203.9,0.09,1963.4,9176.7,3.0,1.58,2.29,4.23,0.71,0.41,0.18,71.5,10694.8,12756.9,2693088.33,-581.092,636.0,608.0,240200.0,94.321,0,513.0,2660,16400
2011-07-01,94.4958,76.1727,-1.8666748865561973,9.0,131993.0,64.0,153288.0,225.395,225.218,204.6,0.07,1996.0,9338.7,3.0,1.54,2.28,4.27,0.68,0.41,0.19,63.7,10731.6,12805.6,2717525.97,-567.111,621.0,623.0,229900.0,94.147,0,563.5,2870,16750
2011-08-01,95.0974,76.557,-0.0394412185810355,9.0,132125.0,64.1,153760.0,226.106,225.862,203.2,0.1,2115.4,9525.1,2.3,1.02,1.63,3.65,0.38,0.23,0.11,55.8,10750.3,12799.7,2709151.87,-567.111,647.0,585.0,219600.0,94.147,0,614.0,2680,15900
2011-09-01,95.0244,76.3854,3.0433539731011208,9.0,132344.0,64.2,154131.0,226.597,226.118,203.7,0.08,2120.0,9545.3,1.98,0.9,1.42,3.18,0.35,0.21,0.1,59.5,10783.2,12781.7,2720060.44,-567.111,610.0,650.0,217000.0,94.147,0,514.5,2890,16250
2011-10-01,95.6891,76.7959,6.3838603584146,8.8,132553.0,64.1,153961.0,226.75,226.506,201.1,0.07,2128.5,9578.1,2.15,1.06,1.62,3.13,0.47,0.28,0.11,60.8,10802.9,12791.9,2727962.54,-601.788,671.0,610.0,224800.0,94.6,0,565.0,2700,16600
2011-11-01,95.6778,76.6551,5.174984724118442,8.6,132690.0,64.1,154128.0,227.169,226.899,201.4,0.08,2182.0,9629.8,2.01,0.91,1.45,3.02,0.39,0.25,0.11,63.7,10806.8,12782.7,2746799.26,-601.788,706.0,711.0,214300.0,94.6,0,615.5,2910,16950
2011-12-01,96.1809,76.9204,4.66191262315878,8.5,132888.0,64.0,153995.0,227.223,227.405,199.8,0.07,2165.7,9677.4,1.98,0.89,1.43,2.98,0.39,0.26,0.12,69.9,10817.8,12898.5,2756224.85,-601.788,697.0,694.0,218600.0,94.6,0,516.0,2720,16100
2012-01-01,96.7595,77.2407,3.24488413865969,8.3,133245.0,63.7,154381.0,227.842,227.877,200.7,0.08,2201.8,9750.5,1.97,0.84,1.38,3.03,0.36,0.24,0.12,75.0,10896.8,12967.5,2770124.65,-602.271,712.0,723.0,221700.0,95.077,0,570.5,2910,16350
2012-02-01,97.0662,77.3425,2.1554921103747824,8.3,133508.0,63.8,154671.0,228.329,228.034,201.6,0.1,2207.1,9802.2,1.97,0.83,1.37,3.11,0.38,0.28,0.16,75.3,10987.2,13029.6,2777643.62,-602.271,738.0,704.0,239900.0,95.077,0,621.0,2720,16700
2012-03-01,96.5609,76.798,1.5133175720015777,8.2,133748.0,63.8,154749.0,228.807,228.478,204.2,0.13,2227.8,9846.2,2.17,1.02,1.56,3.28,0.51,0.34,0.19,76.2,10993.9,13066.4,2791565.95,-602.271,806.0,695.0,239800.0,95.077,0,521.5,2930,17050
2012-04-01,97.251,77.2057,1.9142988718300875,8.2,133825.0,63.7,154545.0,229.187,228.905,203.7,0.14,2237.3,9899.8,2.05,0.89,1.43,3.18,0.43,0.29,0.18,76.4,11018.5,13116.5,2802317.58,-565.241,732.0,753.0,236400.0,95.572,0,572.0,2740,16200
2012-05-01,97.4595,77.233,1.9885806737162448,8.2,133933.0,63.7,154866.0,228.713,229.224,201.9,0.16,2256.2,9943.0,1.8,0.76,1.21,2.93,0.39,0.29,0.19,79.3,11006.8,13112.5,2817982.27,-565.241,796.0,708.0,239200.0,95.572,0,622.5,2950,16550
2012-06-01,97.4768,77.1126,1.1270270221963816,8.2,134012.0,63.8,155083.0,228.524,229.623,199.8,0.16,2275.3,10013.0,1.62,0.71,1.08,2.7,0.39,0.29,0.19,73.2,10989.8,13097.2,2829850.8,-565.241,794.0,757.0,232600.0,95.572,0,523.0,2760,16900
2012-07-01,97.6714,77.1378,0.6140121619500047,8.2,134157.0,63.7,154948.0,228.59,229.97,200.1,0.16,2315.0,10065.7,1.53,0.62,0.98,2.59,0.33,0.25,0.19,72.3,11016.8,12999.8,2840049.63,-523.083,849.0,740.0,237400.0,95.291,0,573.5,2970,17250
2012-08-01,97.2734,76.6993,-0.2515513797038959,8.1,134338.0,63.5,154763.0,229.918,230.233,202.7,0.13,2354.1,10136.4,1.68,0.71,1.14,2.77,0.37,0.27,0.18,74.3,11056.0,12961.6,2857102.48,-523.083,840.0,754.0,253200.0,95.291,0,624.0,2780,16400
2012-09-01,97.2217,76.5385,-0.3848281065998189,7.8,134517.0,63.6,155160.0,231.015,230.659,204.4,0.14,2386.6,10216.6,1.72,0.67,1.12,2.88,0.34,0.26,0.18,78.3,11105.3,13053.1,2865789.74,-523.083,930.0,847.0,254600.0,95.291,0,524.5,2990,16750
2012-10-01,97.5311,76.6654,-0.7721521605161255,7.8,134668.0,63.8,155554.0,231.638,231.024,203.5,0.16,2420.1,10282.8,1.75,0.71,1.15,2.9,0.37,0.28,0.18,82.6,11137.4,13142.0,2881779.34,-515.874,887.0,915.0,247200.0,94.932,0,575.0,2800,17100
2012-11-01,97.9084,76.849,1.7408021776201354,7.7,134825.0,63.6,155338.0,231.249,231.33,201.8,0.16,2441.2,10351.8,1.65,0.67,1.08,2.8,0.36,0.27,0.18,82.7,11178.4,13315.7,2903346.97,-515.874,917.0,833.0,245000.0,94.932,0,625.5,3010,17450
2012-12-01,98.1884,76.9607,4.016290848447465,7.9,135074.0,63.7,155628.0,231.221,231.725,201.5,0.16,2460.7,10474.4,1.72,0.7,1.13,2.88,0.35,0.26,0.16,72.9,11181.2,13642.7,2912905.02,-515.874,941.0,976.0,258300.0,94.932,0,526.0,2820,16600
2013-01-01,98.1736,76.8466,4.828124271199145,8.0,135257.0,63.7,155763.0,231.679,232.229,202.5,0.14,2476.7,10497.6,1.91,0.81,1.3,3.08,0.39,0.27,0.15,73.8,11252.4,12845.5,2931381.51,-499.348,940.0,888.0,251500.0,95.397,0,580.5,3010,16850
2013-02-01,98.6434,77.1172,5.118810009824832,7.7,135545.0,63.4,155312.0,232.937,232.569,204.3,0.15,2468.9,10516.6,1.98,0.85,1.35,3.17,0.4,0.27,0.16,77.6,11290.5,12813.9,2953480.76,-499.348,980.0,962.0,265100.0,95.397,0,631.0,2820,17200
2013-03-01,99.047,77.3418,0.8368766466565307,7.5,135689.0,63.3,155005.0,232.282,232.794,204.0,0.14,2476.3,10572.9,1.96,0.82,1.32,3.16,0.39,0.26,0.15,78.6,11290.1,12852.1,2963147.07,-499.348,936.0,1010.0,257500.0,95.397,0,531.5,3030,17550
2013-04-01,98.9445,77.1785,-0.4562425287709044,7.6,135873.0,63.4,155394.0,231.797,232.832,203.5,0.15,2504.9,10600.4,1.76,0.71,1.15,2.93,0.34,0.23,0.12,76.4,11281.1,12893.4,2972772.62,-498.38,1012.0,835.0,279300.0,95.16,0,582.0,2840,16700
2013-05-01,99.0383,77.1749,1.160413857569864,7.5,136095.0,63.4,155536.0,231.893,232.996,204.1,0.11,2523.5,10634.7,1.93,0.84,1.31,3.11,0.4,0.25,0.12,84.5,11321.6,12954.2,2988661.4,-498.38,1003.0,930.0,263700.0,95.16,0,632.5,3050,17050
2013-06-01,99.2221,77.2476,1.8832694018080387,7.5,136279.0,63.4,155749.0,232.445,233.35,204.3,0.09,2521.0,10692.3,2.3,1.2,1.71,3.4,0.58,0.33,0.14,84.1,11344.4,12955.7,3000936.05,-498.38,942.0,839.0,259800.0,95.16,0,533.0,2860,17400
2013-07-01,98.8987,76.9323,3.0333339754712787,7.3,136391.0,63.3,155599.0,232.9,233.88,204.4,0.09,2542.3,10731.5,2.58,1.4,1.99,3.61,0.64,0.34,0.12,85.1,11372.6,12941.8,3014697.69,-482.067,997.0,880.0,262200.0,95.837,0,583.5,3070,17750
2013-08-01,99.4897,77.3333,5.543893202324727,7.2,136646.0,63.3,155605.0,233.456,234.336,204.2,0.08,2551.3,10789.6,2.74,1.52,2.15,3.76,0.7,0.36,0.13,82.1,11406.6,12969.6,3030269.0,-482.067,964.0,917.0,255300.0,95.837,0,634.0,2880,16900
2013-09-01,100.021,77.6904,5.409869636888558,7.2,136821.0,63.2,155687.0,233.544,234.7,203.9,0.08,2585.5,10850.0,2.81,1.6,2.22,3.79,0.78,0.4,0.12,77.5,11445.9,13027.5,3045861.58,-482.067,1004.0,850.0,269800.0,95.837,0,534.5,3090,17250
2013-10-01,99.9037,77.5455,4.221874224375495,7.2,137041.0,62.8,154673.0,233.669,234.921,202.5,0.09,2631.2,10974.2,2.62,1.37,1.99,3.68,0.63,0.34,0.12,73.2,11498.0,12974.6,3063380.14,-434.019,1044.0,925.0,264300.0,96.761,0,585.0,2900,17600
2013-11-01,100.1582,77.6904,2.37035717125188,6.9,137316.0,63.0,155265.0,234.1,235.359,201.2,0.08,2638.8,10982.9,2.72,1.37,2.07,3.8,0.58,0.3,0.12,75.1,11562.5,12998.9,3075875.88,-434.019,1029.0,1100.0,277100.0,96.761,0,635.5,3110,17950
2013-12-01,100.374,77.8052,-2.542734340900139,6.7,137373.0,62.9,155182.0,234.719,235.759,202.0,0.09,2674.2,11047.8,2.9,1.58,2.29,3.89,0.69,0.34,0.13,82.5,11593.2,13019.1,3090467.79,-434.019,1005.0,1002.0,275500.0,96.761,0,536.0,2920,17100
2014-01-01,99.9899,77.4541,-4.41166105006357,6.6,137561.0,62.9,155352.0,235.288,235.961,203.8,0.07,2714.1,11117.6,2.86,1.65,2.29,3.77,0.78,0.39,0.12,81.2,11578.8,13079.5,3113002.96,-510.088,976.0,888.0,269800.0,95.957,0,590.5,3110,17350
2014-02-01,100.7471,77.9861,-0.4548452508460125,6.7,137712.0,62.9,155483.0,235.547,236.185,205.7,0.07,2730.2,11183.2,2.71,1.52,2.15,3.66,0.69,0.33,0.12,81.6,11636.9,13148.0,3133891.8,-510.088,1039.0,944.0,268400.0,95.957,0,641.0,2920,17700
2014-03-01,101.7435,78.7,4.429448737860612,6.7,137985.0,63.1,156028.0,236.028,236.625,207.0,0.08,2749.3,11219.1,2.72,1.64,2.23,3.62,0.82,0.4,0.13,80.0,11722.3,13219.9,3150697.02,-510.088,1067.0,970.0,282300.0,95.957,0,541.5,3130,18050
2014-04-01,101.8273,78.7032,5.955987203868217,6.2,138297.0,62.8,155369.0,236.468,237.072,208.3,0.09,2774.2,11264.0,2.71,1.7,2.27,3.52,0.88,0.42,0.11,84.1,11762.3,13270.2,3173234.63,-505.404,1090.0,1043.0,274500.0,96.579,0,592.0,2940,17200
2014-05-01,102.2392,78.9551,6.83532433537032,6.3,138512.0,62.9,155684.0,236.918,237.529,208.0,0.09,2785.3,11328.5,2.56,1.59,2.12,3.39,0.83,0.39,0.1,81.9,11807.3,13312.9,3192546.34,-505.404,1018.0,1007.0,285600.0,96.579,0,642.5,3150,17550
2014-06-01,102.5774,79.1445,6.258431480514008,6.1,138849.0,62.8,155707.0,237.231,237.837,208.3,0.1,2817.2,11383.7,2.6,1.68,2.19,3.42,0.9,0.45,0.1,82.5,11861.7,13360.4,3209899.68,-505.404,1010.0,911.0,287000.0,96.579,0,543.0,2960,17900
2014-07-01,102.7954,79.236,5.5049529478165145,6.2,139073.0,62.9,156007.0,237.498,238.195,208.0,0.09,2837.3,11438.4,2.54,1.7,2.17,3.33,0.97,0.51,0.11,81.8,11904.4,13386.8,3231535.62,-489.357,1076.0,1085.0,280400.0,97.406,0,593.5,3170,18250
2014-08-01,102.6322,79.0306,2.914421221188655,6.1,139269.0,62.9,156130.0,237.46,238.405,207.0,0.09,2787.0,11462.5,2.42,1.63,2.08,3.2,0.93,0.47,0.11,82.5,11983.7,13445.9,3248721.35,-489.357,1047.0,984.0,291700.0,97.406,0,644.0,2980,17400
2014-09-01,102.9417,79.1927,1.788604177897418,5.9,139563.0,62.8,156040.0,237.477,238.786,206.4,0.09,2861.2,11503.7,2.53,1.77,2.22,3.26,1.05,0.57,0.11,84.6,11991.4,13486.3,3265101.43,-489.357,1077.0,1023.0,261500.0,97.406,0,544.5,3190,17750
2014-10-01,102.9611,79.1358,0.9220003834582284,5.7,139797.0,62.9,156417.0,237.43,239.191,203.4,0.09,2880.4,11577.5,2.3,1.55,1.98,3.04,0.88,0.45,0.1,86.9,12064.7,13550.7,3275438.44,-530.751,1094.0,1074.0,297000.0,97.075,0,595.0,3000,18100
2014-11-01,103.5978,79.5592,2.356376928925558,5.8,140090.0,62.9,156494.0,236.983,239.458,200.9,0.09,2888.2,11618.2,2.33,1.62,2.03,3.04,0.96,0.53,0.13,88.8,12083.9,13624.4,3283048.38,-530.751,1059.0,1001.0,298300.0,97.075,0,645.5,3210,18450
2014-12-01,103.6151,79.5137,4.1921113661441725,5.6,140364.0,62.8,156332.0,236.252,239.584,197.0,0.12,2955.8,11701.9,2.21,1.64,1.98,2.83,1.06,0.64,0.21,93.6,12096.1,13719.1,3309539.83,-530.751,1072.0,1073.0,301500.0,97.075,0,546.0,3020,17600
2015-01-01,102.7923,78.8301,3.54327271693527,5.7,140568.0,62.9,157030.0,234.747,239.811,192.0,0.11,2955.6,11788.8,1.88,1.37,1.67,2.46,0.9,0.55,0.2,98.1,12066.7,13797.7,3319927.62,-526.432,1049.0,1085.0,292000.0,97.637,0,600.5,3210,17850
2015-02-01,102.1366,78.2911,3.375214295985234,5.5,140827.0,62.7,156644.0,235.342,240.172,191.1,0.11,3025.2,11905.6,1.98,1.47,1.79,2.57,0.99,0.62,0.22,95.4,12116.6,13848.0,3337842.03,-526.432,1127.0,886.0,286600.0,97.637,0,651.0,3020,18200
2015-03-01,101.7869,77.9964,4.153508368131508,5.4,140923.0,62.6,156643.0,235.976,240.755,191.5,0.11,3001.2,11903.7,2.04,1.52,1.84,2.63,1.02,0.64,0.25,93.0,12176.1,13811.3,3360574.45,-526.432,1072.0,960.0,286600.0,97.637,0,551.5,3230,18550
2015-04-01,101.2255,77.5449,2.098800412733978,5.4,141196.0,62.8,157060.0,236.222,241.346,190.9,0.12,3002.7,11937.6,1.94,1.35,1.69,2.59,0.87,0.54,0.23,95.9,12209.1,13842.0,3382635.52,-509.527,1166.0,1190.0,294500.0,98.117,0,602.0,3040,17700
2015-05-01,100.7675,77.1821,1.2700609031042829,5.6,141538.0,62.9,157651.0,237.001,241.688,193.4,0.12,2978.3,11965.0,2.2,1.54,1.93,2.96,0.98,0.61,0.24,90.7,12275.4,13865.6,3399358.91,-509.527,1272.0,1079.0,287500.0,98.117,0,652.5,3250,18050
2015-06-01,100.4588,76.9429,1.7068617960937646,5.3,141709.0,62.7,157062.0,237.657,242.064,194.8,0.13,3014.8,12005.6,2.36,1.68,2.1,3.11,1.07,0.69,0.28,96.1,12307.9,13874.1,3425241.41,-509.527,1379.0,1205.0,285100.0,98.117,0,553.0,3060,18400
2015-07-01,101.0893,77.4307,2.478771193342606,5.2,141991.0,62.6,156997.0,238.034,242.565,193.9,0.13,3035.1,12049.2,2.32,1.63,2.04,3.07,1.03,0.67,0.3,93.1,12364.9,13905.7,3444136.97,-538.082,1140.0,1146.0,292300.0,98.392,0,603.5,3270,18750
2015-08-01,100.9165,77.308,0.8769136073935537,5.1,142125.0,62.6,157172.0,238.033,242.817,191.9,0.14,3014.3,12093.7,2.17,1.54,1.91,2.86,1.03,0.7,0.38,91.9,12396.2,13935.8,3460245.02,-538.082,1165.0,1130.0,293000.0,98.392,0,654.0,3080,17900
2015-09-01,100.633,77.1039,0.5109438478052093,5.0,142275.0,62.4,156733.0,237.498,243.316,189.1,0.14,3038.0,12154.8,2.17,1.49,1.88,2.95,1.01,0.71,0.37,87.2,12386.4,13972.2,3487878.35,-538.082,1144.0,1224.0,299500.0,98.392,0,554.5,3290,18250
2015-10-01,100.1563,76.752,0.3248790004292941,5.0,142579.0,62.5,157167.0,237.733,243.768,187.5,0.12,3017.9,12206.1,2.07,1.39,1.76,2.89,0.93,0.64,0.26,90.0,12394.9,13996.9,3502821.56,-523.238,1160.0,1058.0,298000.0,97.787,0,605.0,3100,18600
2015-11-01,99.4366,76.2118,0.6395874536390926,5.1,142808.0,62.5,157463.0,238.017,244.241,185.7,0.12,3074.6,12297.5,2.26,1.67,2.02,3.03,1.2,0.88,0.48,91.3,12423.2,13993.4,3510637.67,-523.238,1244.0,1172.0,312600.0,97.787,0,655.5,3310,18950
2015-12-01,98.9471,75.845,2.4848099923401943,5.0,143077.0,62.7,158035.0,237.761,244.547,183.5,0.24,3106.3,12368.7,2.24,1.7,2.04,2.97,1.28,0.98,0.65,92.6,12452.0,14060.2,3400223.22,-523.238,1211.0,1146.0,297100.0,97.787,0,556.0,3120,18100
2016-01-01,99.4391,76.2263,3.270583831749893,4.8,143210.0,62.7,158280.0,237.652,244.955,182.6,0.34,3107.2,12506.0,2.09,1.52,1.85,2.86,1.14,0.9,0.54,92.0,12478.0,14121.1,3419754.66,-511.682,1171.0,1092.0,288400.0,98.205,0,610.5,3310,18350
2016-02-01,98.9232,75.8298,2.3363270202725923,4.9,143407.0,62.8,158640.0,237.336,245.51,181.3,0.38,3142.5,12578.2,1.78,1.22,1.53,2.62,0.9,0.73,0.53,91.7,12554.5,14135.3,3438511.31,-511.682,1172.0,1225.0,305800.0,98.205,0,661.0,3120,18700
2016-03-01,98.1635,75.2411,0.7119043890171994,5.0,143662.0,63.0,159179.0,238.08,245.913,182.1,0.36,3157.8,12629.0,1.89,1.38,1.68,2.68,1.04,0.88,0.66,91.0,12537.0,14135.4,3466200.56,-511.682,1118.0,1111.0,303200.0,98.205,0,561.5,3330,19050
2016-04-01,98.4775,75.4701,0.983814043576209,5.1,143855.0,62.9,159141.0,238.992,246.551,183.2,0.37,3200.1,12708.0,1.81,1.26,1.57,2.62,0.92,0.77,0.56,89.0,12611.5,14106.2,3486175.98,-489.37,1160.0,1163.0,318300.0,98.267,0,612.0,3140,18200
2016-05-01,98.2549,75.2833,0.8229111646736622,4.8,143900.0,62.7,158784.0,239.557,247.137,185.3,0.37,3236.8,12775.0,1.81,1.3,1.6,2.63,0.97,0.82,0.59,94.7,12652.7,14095.5,3503679.91,-489.37,1205.0,1148.0,295200.0,98.267,0,662.5,3350,18550
2016-06-01,98.7315,75.6283,3.1809499055193813,4.9,144146.0,62.7,158967.0,240.222,247.54,187.6,0.38,3242.5,12835.4,1.64,1.17,1.44,2.45,0.86,0.73,0.55,93.5,12731.2,14104.9,3524010.3,-489.37,1208.0,1203.0,311200.0,98.267,0,563.0,3160,18900
2016-07-01,98.8452,75.6916,3.484284968388373,4.8,144520.0,62.8,159194.0,240.101,247.829,187.7,0.39,3242.1,12889.7,1.5,1.07,1.33,2.23,0.79,0.67,0.51,90.0,12756.7,14160.1,3542767.61,-481.229,1198.0,1239.0,297400.0,98.603,0,613.5,3370,19250
2016-08-01,98.7427,75.5879,2.662790084574773,4.9,144662.0,62.9,159562.0,240.545,248.423,186.6,0.4,3310.8,12973.9,1.56,1.13,1.4,2.26,0.85,0.74,0.57,89.8,12788.1,14176.7,3565414.39,-481.229,1201.0,1171.0,298900.0,98.603,0,664.0,3180,18400
2016-09-01,98.6552,75.4977,2.479220919513954,5.0,144967.0,62.9,159714.0,241.176,248.842,186.9,0.4,3319.6,13034.2,1.63,1.18,1.46,2.35,0.9,0.77,0.59,91.2,12846.6,14209.1,3586382.7,-481.229,1303.0,1068.0,314800.0,98.603,0,564.5,3390,18750
2016-10-01,98.7237,75.5318,2.0656563018814627,4.9,145066.0,62.8,159605.0,241.741,249.142,186.7,0.4,3332.0,13107.5,1.76,1.27,1.56,2.5,0.99,0.84,0.66,87.2,12867.0,14235.4,3601494.35,-530.806,1254.0,1313.0,302800.0,99.271,0,615.0,3200,19100
2016-11-01,98.3443,75.2309,1.7495111216060728,4.7,145183.0,62.7,159506.0,242.026,249.481,186.3,0.41,3347.1,13181.0,2.14,1.6,1.93,2.86,1.22,0.98,0.74,93.8,12893.0,14273.6,3618232.57,-530.806,1230.0,1140.0,315000.0,99.271,0,665.5,3410,19450
2016-12-01,99.0406,75.7622,2.598521068518193,4.7,145408.0,62.7,159678.0,242.637,249.92,188.2,0.54,3345.4,13226.1,2.49,1.96,2.29,3.11,1.49,1.2,0.87,98.2,13005.9,14313.7,3636435.65,-530.806,1248.0,1252.0,327000.0,99.271,0,566.0,3220,18600
2017-01-01,98.8158,75.5995,2.061309801101612,4.7,145628.0,62.8,159620.0,243.618,250.467,190.7,0.65,3399.1,13300.7,2.43,1.92,2.23,3.02,1.48,1.21,0.83,98.5,13063.7,14373.7,3653341.2,-533.42,1303.0,1190.0,315200.0,99.432,0,620.5,3410,18850
2017-02-01,98.4356,75.3306,1.4124475529663318,4.6,145848.0,62.9,159859.0,244.006,250.998,191.6,0.66,3409.9,13367.3,2.42,1.9,2.22,3.03,1.47,1.2,0.82,96.3,13088.4,14416.8,3669998.54,-533.42,1234.0,1271.0,298000.0,99.432,0,671.0,3220,19200
2017-03-01,99.0492,75.8344,1.513205213681593,4.4,145969.0,62.9,160137.0,243.892,250.944,191.5,0.79,3455.8,13428.7,2.48,2.01,2.3,3.08,1.59,1.31,1.01,96.9,13139.9,14476.3,3685310.14,-533.42,1272.0,1190.0,321700.0,99.432,0,571.5,3430,19550
2017-04-01,100.0416,76.6403,2.5887558766645,4.4,146174.0,63.0,160345.0,244.193,251.227,193.0,0.9,3454.5,13484.7,2.3,1.82,2.1,2.94,1.44,1.24,1.04,97.0,13169.2,14509.3,3699272.47,-553.499,1251.0,1146.0,311100.0,99.485,0,622.0,3240,18700
2017-05-01,100.128,76.764,2.238489709821639,4.4,146380.0,62.8,160068.0,244.004,251.43,192.8,0.91,3517.8,13536.7,2.3,1.84,2.11,2.96,1.48,1.3,1.12,97.1,13171.9,14610.7,3713351.92,-553.499,1208.0,1157.0,323600.0,99.485,0,672.5,3450,19050
2017-06-01,100.337,76.9926,3.4160317459648577,4.3,146583.0,62.8,160192.0,244.163,251.746,193.6,1.04,3525.5,13558.5,2.19,1.77,2.01,2.8,1.49,1.34,1.2,95.0,13225.2,14618.7,3729016.23,-553.499,1353.0,1249.0,315200.0,99.485,0,573.0,3260,19400
2017-07-01,100.0865,76.878,2.7786311420547607,4.3,146772.0,62.9,160462.0,244.243,251.985,193.5,1.15,3546.3,13615.4,2.32,1.87,2.13,2.88,1.54,1.37,1.22,93.4,13263.3,14660.2,3744873.73,-531.498,1256.0,1206.0,322900.0,100.294,0,623.5,3470,19750
2017-08-01,99.6323,76.6139,3.312023515276638,4.4,146919.0,62.9,160586.0,245.183,252.535,193.8,1.16,3581.8,13674.6,2.21,1.78,2.03,2.8,1.48,1.34,1.23,96.8,13294.6,14678.3,3758492.39,-531.498,1319.0,1159.0,314200.0,100.294,0,674.0,3280,18900
2017-09-01,99.7482,76.7906,4.260309800173786,4.3,147007.0,63.1,161140.0,246.435,252.812,194.8,1.15,3563.6,13723.0,2.2,1.8,2.03,2.78,1.51,1.38,1.28,95.1,13417.3,14706.0,3773283.3,-531.498,1273.0,1181.0,331500.0,100.294,0,574.5,3490,19250
2017-10-01,100.9893,77.8346,5.203472952457672,4.2,147150.0,62.7,160309.0,246.626,253.526,194.9,1.15,3603.9,13782.3,2.36,1.98,2.2,2.88,1.68,1.55,1.4,100.7,13447.5,14748.6,3796937.72,-554.897,1356.0,1257.0,319500.0,101.031,0,625.0,3300,19600
2017-11-01,101.2493,78.1204,4.517538010921862,4.2,147373.0,62.7,160579.0,247.284,253.816,195.9,1.16,3622.0,13814.9,2.35,2.05,2.23,2.8,1.81,1.7,1.56,98.5,13540.6,14771.1,3816244.88,-554.897,1299.0,1273.0,343400.0,101.031,0,675.5,3510,19950
2017-12-01,101.4871,78.3837,3.871067497841269,4.1,147523.0,62.7,160535.0,247.805,254.344,196.3,1.3,3612.6,13873.8,2.4,2.18,2.32,2.77,1.96,1.84,1.7,95.9,13666.1,14797.9,3830751.56,-554.897,1311.0,1177.0,343300.0,101.031,0,576.0,3320,19100
2018-01-01,101.4852,78.4548,2.546861509399652,4.0,147660.0,62.7,160914.0,248.859,255.204,197.9,1.41,3659.1,13883.2,2.58,2.38,2.51,2.88,2.15,2.03,1.8,95.7,13703.3,14886.6,3847813.38,-576.031,1317.0,1299.0,329600.0,101.36,0,630.5,3510,19350
2018-02-01,101.7319,78.7047,3.817829608880305,4.1,148054.0,63.0,161778.0,249.529,255.711,199.3,1.42,3621.3,13919.3,2.86,2.6,2.78,3.13,2.36,2.18,1.96,99.7,13738.7,14921.1,3863785.5,-576.031,1321.0,1277.0,327200.0,101.36,0,681.0,3320,19700
2018-03-01,102.1943,79.1096,1.623823404014842,4.0,148280.0,62.9,161686.0,249.577,256.271,199.3,1.51,3667.4,13976.0,2.84,2.63,2.77,3.09,2.42,2.28,2.06,101.4,13793.2,14974.8,3876055.39,-576.031,1385.0,1318.0,335400.0,101.36,0,581.5,3530,20050
2018-04-01,103.3551,80.0436,1.845529323297466,4.0,148422.0,62.9,161771.0,250.227,256.63,200.3,1.69,3664.0,13993.9,2.87,2.7,2.82,3.07,2.52,2.38,2.15,98.8,13838.4,15007.2,3883468.07,-543.823,1378.0,1276.0,314400.0,101.373,0,632.0,3340,19200
2018-05-01,102.381,79.3092,1.6401385660009729,3.8,148740.0,62.9,161848.0,250.792,257.145,203.2,1.7,3655.7,14049.6,2.98,2.82,2.93,3.13,2.66,2.51,2.27,98.0,13905.0,15057.8,3900522.39,-543.823,1338.0,1357.0,316700.0,101.373,0,682.5,3550,19550
2018-06-01,103.2256,79.9674,3.1769796183562904,4.0,148959.0,63.0,162210.0,251.018,257.399,204.2,1.82,3655.9,14109.9,2.91,2.78,2.87,3.05,2.65,2.53,2.33,98.2,13930.4,15119.3,3902512.63,-543.823,1345.0,1192.0,310500.0,101.373,0,583.0,3360,19900
2018-07-01,103.3561,80.0561,2.8219418046472824,3.8,149020.0,63.0,162341.0,251.214,257.699,204.3,1.91,3679.5,14144.2,2.89,2.78,2.85,3.01,2.7,2.61,2.39,97.9,13974.8,15184.7,3924685.75,-618.246,1334.0,1208.0,327500.0,101.668,0,633.5,3570,20250
2018-08-01,104.0585,80.5741,2.677370158446058,3.8,149279.0,62.6,161660.0,251.663,257.891,203.4,1.91,3686.3,14193.9,2.89,2.77,2.84,3.04,2.71,2.64,2.45,96.2,14014.0,15238.6,3945881.88,-618.246,1273.0,1288.0,321400.0,101.668,0,684.0,3380,19400
2018-09-01,104.1038,80.5711,0.5725933200036915,3.7,149358.0,62.8,162087.0,252.182,258.368,203.6,1.95,3694.8,14229.3,3.0,2.89,2.96,3.15,2.84,2.77,2.56,100.1,14017.8,15237.5,3957685.36,-618.246,1314.0,1250.0,328300.0,101.668,0,584.5,3590,19750
2018-10-01,103.9297,80.3884,-0.6818546725746764,3.8,149526.0,62.9,162602.0,252.772,258.917,204.6,2.19,3722.9,14241.4,3.15,3.0,3.09,3.34,2.94,2.86,2.65,98.6,14083.1,15274.1,3976272.51,-634.207,1272.0,1221.0,328300.0,101.485,0,635.0,3400,20100
2018-11-01,104.0126,80.3962,0.5501288683111558,3.8,149617.0,62.9,162836.0,252.594,259.439,202.3,2.2,3697.3,14260.8,3.12,2.95,3.04,3.36,2.91,2.86,2.7,97.5,14162.9,15315.2,3991704.17,-634.207,1340.0,1181.0,308500.0,101.485,0,685.5,3610,20450
2018-12-01,104.0451,80.358,2.2147759297229928,3.9,149809.0,63.0,163206.0,252.767,260.063,201.0,2.27,3761.0,14382.6,2.83,2.68,2.75,3.1,2.67,2.68,2.66,98.3,14051.6,15506.5,4007041.95,-634.207,1317.0,1095.0,329700.0,101.485,0,586.0,3420,19600
2019-01-01,103.3598,79.7599,2.9508986725907818,4.0,150059.0,63.1,162963.0,252.561,260.766,199.1,2.4,3754.1,14446.1,2.71,2.54,2.61,3.04,2.52,2.54,2.58,91.2,14084.6,15536.3,4027115.1,-592.294,1254.0,1226.0,305400.0,102.339,0,640.5,3610,19850
2019-02-01,102.8251,79.2768,2.7472054857141246,3.8,150065.0,63.1,162999.0,253.319,261.186,199.2,2.4,3762.3,14481.2,2.68,2.49,2.57,3.02,2.48,2.5,2.55,93.8,14117.4,15560.4,4039700.24,-592.294,1286.0,1121.0,320800.0,102.339,0,691.0,3420,20200
2019-03-01,102.8361,79.2123,3.0669609249163727,3.8,150295.0,63.0,162904.0,254.277,261.567,200.8,2.41,3738.4,14526.2,2.57,2.37,2.47,2.98,2.37,2.41,2.49,98.4,14248.6,15566.5,4051968.06,-592.294,1295.0,1191.0,310600.0,102.339,0,591.5,3630,20550
2019-04-01,102.2748,78.7037,2.32182288102707,3.7,150593.0,62.8,162586.0,255.233,261.997,202.1,2.42,3789.9,14554.5,2.53,2.33,2.43,2.94,2.31,2.34,2.42,97.2,14290.0,15534.2,4068537.58,-617.962,1322.0,1272.0,339000.0,102.968,0,642.0,3440,19700
2019-05-01,102.4176,78.7358,4.428165059700902,3.6,150621.0,62.9,162751.0,255.296,262.217,201.7,2.39,3789.2,14652.4,2.4,2.19,2.29,2.82,2.16,2.21,2.34,100.0,14353.3,15532.4,4083364.56,-617.962,1347.0,1293.0,312700.0,102.968,0,692.5,3650,20050
2019-06-01,102.5425,78.7532,5.249067003940347,3.6,150839.0,63.0,163168.0,255.213,262.739,200.3,2.38,3832.1,14771.4,2.07,1.83,1.95,2.57,1.78,1.81,2.0,98.2,14408.7,15562.1,4093992.14,-617.962,1299.0,1243.0,311800.0,102.968,0,593.0,3460,20400
2019-07-01,102.0057,78.2629,5.162271859120681,3.7,150936.0,63.1,163590.0,255.802,263.28,200.7,2.4,3862.5,14853.5,2.06,1.83,1.93,2.57,1.8,1.84,1.96,98.4,14496.0,15581.4,4117712.6,-585.547,1379.0,1240.0,308300.0,104.128,0,643.5,3670,20750
2019-08-01,102.7814,78.7796,4.913103364311714,3.6,151171.0,63.1,163774.0,256.036,263.877,199.2,2.13,3847.1,14934.7,1.63,1.49,1.55,2.12,1.51,1.57,1.77,89.8,14558.2,15664.3,4134319.33,-585.547,1482.0,1375.0,327000.0,104.128,0,694.0,3480,19900
2019-09-01,102.4601,78.4615,1.6280796905761394,3.5,151365.0,63.2,164092.0,256.43,264.388,198.4,2.04,3894.0,15031.4,1.7,1.57,1.64,2.16,1.59,1.65,1.8,93.2,14590.6,15697.5,4146326.69,-585.547,1469.0,1311.0,315700.0,104.128,0,594.5,3690,20250
2019-10-01,101.5878,77.7295,0.9495270942989128,3.6,151460.0,63.3,164416.0,257.155,264.97,198.6,1.83,3926.3,15167.3,1.71,1.53,1.62,2.19,1.53,1.55,1.61,95.5,14617.4,15718.1,4163620.6,-513.359,1523.0,1325.0,322400.0,105.107,0,645.0,3500,20600
2019-11-01,102.1494,78.1046,4.2332562643839005,3.6,151668.0,63.3,164496.0,257.879,265.548,199.0,1.55,3942.6,15276.9,1.81,1.64,1.74,2.28,1.61,1.61,1.57,96.8,14711.0,15766.9,4164684.83,-513.359,1535.0,1353.0,328000.0,105.107,0,695.5,3710,20950
2019-12-01,101.9421,77.9031,4.975498421233948,3.6,151795.0,63.3,164699.0,258.63,266.02,199.0,1.55,4003.6,15348.0,1.86,1.68,1.79,2.3,1.63,1.61,1.55,99.3,14774.8,15683.8,4192191.39,-513.359,1443.0,1548.0,329500.0,105.107,0,596.0,3520,20100
2020-01-01,101.3372,77.4105,0.9310679801905436,3.6,152031.0,63.3,164377.0,259.127,266.716,199.3,1.55,3989.3,15416.8,1.76,1.56,1.67,2.22,1.52,1.52,1.53,99.8,14844.3,15857.3,4207184.84,-513.578,1495.0,1581.0,328900.0,104.618,0,650.5,3710,20350
2020-02-01,101.6718,77.6537,-12.317752066355114,3.5,152292.0,63.3,164467.0,259.25,267.37,196.7,1.58,4001.1,15467.0,1.5,1.32,1.42,1.97,1.31,1.33,1.41,101.0,14833.8,15916.8,4220409.05,-513.578,1455.0,1549.0,331800.0,104.618,0,701.0,3520,20700
2020-03-01,97.606,74.5527,-42.82048313824445,4.4,150895.0,62.6,162559.0,258.076,267.054,193.1,0.65,4266.0,15993.8,0.87,0.59,0.78,1.46,0.5,0.45,0.33,89.1,13810.5,15704.9,4206100.9,-513.578,1346.0,1266.0,328200.0,104.618,1,601.5,3730,21050
2020-04-01,84.6812,64.6982,-72.67938786129575,14.8,130424.0,60.1,156269.0,256.032,265.746,185.5,0.05,4804.3,17005.8,0.66,0.39,0.55,1.27,0.28,0.22,0.18,71.8,12234.4,18030.2,4141573.19,-536.525,1076.0,936.0,309500.0,109.707,1,652.0,3540,20200
2020-05-01,86.0108,65.7487,-7.229704509227034,13.2,133040.0,60.8,158101.0,255.802,265.412,188.6,0.05,16231.5,17853.4,0.67,0.34,0.53,1.38,0.22,0.17,0.16,72.3,13251.7,17114.4,4125081.85,-536.525,1250.0,1039.0,315900.0,109.707,0,702.5,3750,20550
2020-06-01,91.6745,70.134,33.84636669963612,11.0,137671.0,61.5,159994.0,257.042,265.849,191.2,0.08,16554.5,18141.1,0.73,0.34,0.55,1.49,0.22,0.19,0.18,78.1,14040.8,17047.5,4137242.78,-536.525,1334.0,1266.0,325500.0,109.707,0,603.0,3560,20900
2020-07-01,95.0037,72.7591,44.94006075151795,10.2,139255.0,61.5,160132.0,258.352,267.389,193.0,0.09,16761.7,18298.0,0.62,0.28,0.46,1.31,0.17,0.15,0.15,72.5,14303.8,17195.8,4153065.82,-696.399,1546.0,1526.0,320400.0,111.468,0,653.5,3770,21250
2020-08-01,95.9294,73.5674,32.65081785811331,8.4,140819.0,61.7,160706.0,259.316,268.422,194.3,0.1,16879.5,18364.3,0.65,0.27,0.46,1.36,0.16,0.14,0.13,74.1,14454.9,16524.8,4149078.23,-696.399,1533.0,1396.0,321400.0,111.468,0,704.0,3580,20400
2020-09-01,95.8914,73.6543,10.815721667026557,7.8,141770.0,61.4,160174.0,259.997,268.933,195.5,0.09,17159.2,18596.6,0.68,0.27,0.46,1.42,0.16,0.13,0.13,80.4,14675.4,16616.5,4164531.91,-696.399,1636.0,1473.0,332200.0,111.468,0,604.5,3790,20750
2020-10-01,96.5256,74.2728,-2.9251216775721383,6.9,142461.0,61.7,161003.0,260.319,269.306,196.5,0.09,17360.5,18751.3,0.79,0.34,0.55,1.57,0.19,0.15,0.13,81.8,14726.0,16552.9,4169769.16,-758.308,1613.0,1543.0,335000.0,110.615,0,655.0,3600,21100
2020-11-01,96.9529,74.7456,-4.989761152951363,6.7,142731.0,61.5,160629.0,260.911,269.981,198.3,0.09,17618.5,18979.1,0.87,0.39,0.63,1.62,0.22,0.17,0.12,76.9,14704.9,16350.6,4171207.25,-758.308,1703.0,1543.0,333600.0,110.615,0,705.5,3810,21450
2020-12-01,98.2039,75.8651,3.312803962910537,6.7,142548.0,61.5,160745.0,262.045,270.341,200.5,0.09,17827.9,19133.2,0.93,0.39,0.66,1.67,0.19,0.14,0.1,80.7,14827.3,16391.2,4184852.48,-758.308,1752.0,1614.0,339300.0,110.615,0,606.0,3620,20600
2021-01-01,98.8135,76.5008,9.047231730671667,6.4,142913.0,61.4,160088.0,262.639,270.416,204.8,0.09,18088.5,19359.7,1.08,0.45,0.77,1.82,0.2,0.13,0.1,79.0,15081.5,18146.5,4193177.59,-795.758,1855.0,1630.0,354800.0,111.429,0,660.5,3810,20850
2021-02-01,95.5072,74.0987,4.039928550749425,6.2,143422.0,61.4,160184.0,263.573,270.776,210.6,0.08,18349.1,19596.7,1.26,0.54,0.91,2.04,0.21,0.12,0.07,76.8,14984.4,16633.9,4212271.22,-795.758,1711.0,1404.0,351400.0,111.429,0,711.0,3620,21200
2021-03-01,98.1929,76.3455,12.491570318632244,6.1,144246.0,61.5,160400.0,264.847,271.453,215.0,0.07,18607.9,19823.4,1.61,0.82,1.27,2.34,0.32,0.15,0.08,84.9,15712.4,20445.8,4225451.92,-795.758,1756.0,1696.0,342700.0,111.429,0,611.5,3830,21550
2021-04-01,98.3317,76.6187,5.955736355099928,6.1,144611.0,61.6,160843.0,266.625,273.626,217.9,0.07,18968.3,20160.6,1.64,0.86,1.31,2.3,0.35,0.16,0.06,88.3,15915.0,17335.4,4242453.84,-835.082,1721.0,1495.0,364400.0,111.448,0,662.0,3640,20700
2021-05-01,99.1867,77.4469,3.4104820333373262,5.8,145032.0,61.6,160800.0,268.404,275.457,224.9,0.06,19254.0,20426.9,1.62,0.82,1.28,2.32,0.32,0.16,0.05,82.9,15950.5,16836.3,4273790.97,-835.082,1703.0,1589.0,372700.0,111.448,0,712.5,3850,21050
2021-06-01,99.6483,77.9619,2.3668244625372443,5.9,145828.0,61.7,161197.0,270.71,277.608,228.9,0.08,19320.1,20474.7,1.52,0.84,1.23,2.16,0.39,0.2,0.07,85.5,16183.6,16757.8,4424791.84,-835.082,1654.0,1650.0,361100.0,111.448,0,613.0,3660,21400
2021-07-01,100.0668,78.4327,2.7416390044333223,5.4,146759.0,61.8,161504.0,271.965,278.639,231.85,0.1,19489.0,20628.7,1.32,0.76,1.07,1.94,0.4,0.22,0.08,81.2,16223.5,16867.8,4440969.31,-888.68,1658.0,1597.0,385000.0,110.808,0,663.5,3870,21750
2021-08-01,100.0412,78.5435,3.723947434359407,5.1,147246.0,61.7,161527.0,272.752,279.021,233.415,0.09,19687.0,20811.0,1.28,0.77,1.06,1.92,0.42,0.22,0.07,70.3,16390.6,16832.4,4458909.15,-888.68,1736.0,1594.0,402700.0,110.808,0,714.0,3680,20900
2021-09-01,98.9955,77.8344,6.752788619139132,4.7,147712.0,61.7,161495.0,273.942,279.727,235.678,0.08,19867.3,20978.6,1.37,0.86,1.16,1.94,0.47,0.24,0.08,72.8,16477.5,16641.8,4482630.0,-888.68,1640.0,1577.0,398500.0,110.808,0,614.5,3890,21250
2021-10-01,100.3542,78.9984,10.5793460399261,4.5,148569.0,61.8,161754.0,276.528,281.649,240.465,0.08,20047.2,21142.9,1.58,1.11,1.4,2.06,0.67,0.39,0.11,71.7,16694.0,16648.1,4499203.33,-920.596,1707.0,1579.0,416800.0,111.599,0,665.0,3700,21600
2021-11-01,101.2684,79.7955,7.5078733751152225,4.2,149206.0,61.9,162281.0,278.824,283.411,243.287,0.08,20235.2,21316.7,1.56,1.2,1.45,1.94,0.82,0.51,0.18,67.4,16849.0,16598.3,4524781.02,-920.596,1765.0,1705.0,419600.0,111.599,0,715.5,3910,21950
2021-12-01,101.1948,79.7947,0.3575758199058891,3.9,149781.0,62.0,162497.0,280.806,285.221,241.338,0.08,20398.9,21471.0,1.47,1.23,1.4,1.85,0.95,0.68,0.3,70.6,16905.5,16525.4,4548524.1,-920.596,1919.0,1722.0,410600.0,111.599,0,616.0,3720,21100
2022-01-01,101.2146,79.8471,-4.4187564878422005,4.0,150006.0,62.2,163627.0,282.542,286.799,246.453,0.08,20519.7,21585.9,1.76,1.54,1.7,2.1,1.25,0.98,0.55,67.2,17017.8,16143.2,4562519.07,-1077.044,1920.0,1702.0,413600.0,110.212,0,670.5,3910,21350
2022-02-01,101.8458,80.357,-2.318102552123434,3.8,150875.0,62.2,163899.0,284.525,288.256,252.66,0.08,20640.3,21684.2,1.93,1.81,1.91,2.25,1.65,1.44,1.0,62.8,17136.1,16143.0,4593219.73,-1077.044,1857.0,1735.0,402300.0,110.212,0,721.0,3720,21700
2022-03-01,102.6732,80.9989,0.3953878449156942,3.7,151346.0,62.3,164220.0,287.467,289.044,260.014,0.2,20684.1,21720.8,2.13,2.11,2.15,2.41,2.09,1.91,1.34,59.4,17371.4,16065.5,4634904.17,-1077.044,1868.0,1712.0,420100.0,110.212,0,621.5,3930,22050
2022-04-01,102.9024,81.1458,0.3942056976226964,3.7,151651.0,62.2,163893.0,288.582,290.474,265.31,0.33,20727.1,21749.6,2.75,2.78,2.8,2.81,2.72,2.54,1.89,65.2,17493.8,16063.7,4668062.05,-1022.113,1859.0,1820.0,439500.0,109.296,0,672.0,3740,21200
2022-05-01,102.9659,81.1363,0.6332797107862222,3.6,151892.0,62.3,164362.0,291.299,292.039,273.251,0.77,20669.1,21689.9,2.9,2.87,2.92,3.07,2.79,2.62,2.06,58.4,17569.9,16049.1,4697461.06,-1022.113,1704.0,1531.0,429400.0,109.296,0,722.5,3950,21550
2022-06-01,102.8224,80.9375,1.5918932020936982,3.6,152353.0,62.2,164046.0,295.072,294.009,280.251,1.21,20592.6,21642.5,3.14,3.19,3.21,3.25,3.15,3.0,2.65,50.0,17747.6,16015.9,4735193.94,-1022.113,1737.0,1551.0,431700.0,109.296,0,623.0,3760,21900
2022-07-01,103.0505,81.0054,2.9515538457283945,3.5,153049.0,62.1,164026.0,294.94,295.08,272.274,1.68,20531.7,21641.8,2.9,2.96,2.97,3.1,3.03,3.04,3.02,51.5,17744.0,16219.1,4757391.49,-885.897,1703.0,1381.0,442900.0,109.295,0,673.5,3970,22250
2022-08-01,103.1703,80.9637,3.5576883621060382,3.6,153286.0,62.3,164654.0,295.162,296.582,269.546,2.33,20434.9,21606.6,2.9,3.03,2.98,3.13,3.23,3.25,3.28,58.2,17897.5,16314.4,4786937.08,-885.897,1557.0,1531.0,431900.0,109.295,0,724.0,3780,21400
2022-09-01,103.5326,81.0936,4.373400984858795,3.5,153513.0,62.3,164602.0,296.421,298.281,267.898,2.56,20281.0,21520.5,3.52,3.7,3.64,3.56,3.88,3.86,3.89,58.6,17987.2,16372.3,4813735.55,-885.897,1600.0,1488.0,434200.0,109.295,0,624.5,3990,21750
2022-10-01,103.4442,80.8551,3.995164609344523,3.6,153913.0,62.2,164648.0,297.979,299.381,265.061,3.08,20092.3,21424.6,3.98,4.18,4.09,4.04,4.38,4.38,4.43,59.9,18096.2,16424.3,4845526.67,-850.685,1594.0,1435.0,460300.0,110.02,0,675.0,3800,22100
2022-11-01,103.1058,80.4107,1.8792590259721136,3.6,154210.0,62.1,164450.0,298.708,300.316,263.157,3.78,19922.5,21358.0,3.89,4.06,3.99,4.0,4.34,4.5,4.73,56.7,18094.0,16436.5,4876212.22,-850.685,1401.0,1424.0,427700.0,110.02,0,725.5,4010,22450
2022-12-01,101.8266,79.2286,1.6346494172836834,3.5,154336.0,62.3,165025.0,298.808,301.433,257.897,4.1,19671.3,21219.3,3.62,3.76,3.72,3.66,4.05,4.29,4.68,59.8,18134.6,16497.5,4894243.99,-850.685,1410.0,1308.0,427900.0,110.02,0,626.0,3820,21600
2023-01-01,102.7476,79.7542,4.854288464309883,3.5,154780.0,62.4,165964.0,300.456,302.685,260.227,4.33,19527.5,21205.1,3.53,3.64,3.59,3.66,3.91,4.21,4.69,64.9,18475.2,16808.5,4909727.68,-813.648,1410.0,1361.0,408200.0,110.215,0,680.5,4010,21850
2023-02-01,102.8003,79.6087,2.0229005556142807,3.6,155086.0,62.5,166358.0,301.476,304.097,258.669,4.57,19385.5,21184.6,3.75,3.94,3.86,3.8,4.23,4.53,4.93,66.9,18532.1,16879.1,4920013.0,-813.648,1618.0,1399.0,433300.0,110.215,0,731.0,3820,22200
2023-03-01,102.8143,79.4362,1.0582834217774726,3.5,155171.0,62.6,166651.0,301.643,305.123,257.062,4.65,18925.5,20876.3,3.66,3.82,3.77,3.77,4.09,4.3,4.68,62.0,18511.3,16968.0,4944332.19,-813.648,1480.0,1377.0,438900.0,110.215,0,631.5,4030,22550
2023-04-01,103.2241,79.5726,2.860769412426464,3.4,155387.0,62.6,166725.0,302.858,306.49,256.908,4.83,18615.3,20729.9,3.46,3.54,3.5,3.68,3.76,4.02,4.68,63.7,18638.7,16983.3,4956734.63,-803.479,1474.0,1354.0,417200.0,111.133,0,682.0,3840,21700
2023-05-01,102.9809,79.2151,2.8094271199199814,3.6,155614.0,62.6,166886.0,303.316,307.623,253.67,5.06,18549.0,20801.4,3.57,3.59,3.58,3.86,3.82,4.13,4.91,59.0,18676.4,17041.9,4962027.15,-803.479,1575.0,1584.0,421200.0,111.133,0,732.5,4050,22050
2023-06-01,102.3809,78.5968,3.4471312087152777,3.6,155871.0,62.6,166937.0,304.099,308.291,253.86,5.08,18434.6,20782.6,3.75,3.95,3.85,3.87,4.27,4.64,5.24,64.2,18742.1,17050.3,4985392.0,-803.479,1464.0,1421.0,417600.0,111.133,0,633.0,3860,22400
2023-07-01,103.0722,78.986,4.773292830874813,3.5,156019.0,62.6,167103.0,304.615,308.959,253.835,5.12,18342.0,20772.2,3.9,4.14,4.03,3.96,4.47,4.83,5.37,71.5,18850.5,17061.6,4994244.42,-781.091,1522.0,1460.0,435800.0,112.424,0,683.5,4070,22750
2023-08-01,103.0951,78.8773,4.939689366558271,3.7,156176.0,62.8,167759.0,306.138,309.646,257.68,5.33,18226.0,20746.9,4.17,4.31,4.26,4.28,4.59,4.9,5.37,69.4,18911.6,17085.8,4980362.04,-781.091,1561.0,1317.0,440900.0,112.424,0,734.0,3880,21900
2023-09-01,103.3081,78.9282,4.464329232035191,3.8,156334.0,62.7,167767.0,307.374,310.616,258.934,5.33,18124.5,20720.0,4.38,4.49,4.46,4.47,4.74,5.02,5.44,67.8,19024.9,17101.1,4990161.66,-781.091,1537.0,1371.0,426100.0,112.424,0,634.5,4090,22250
2023-10-01,102.5781,78.2711,2.289487020508456,3.9,156520.0,62.7,167690.0,307.653,311.433,255.192,5.33,18022.8,20687.2,4.8,4.77,4.82,4.95,4.89,5.07,5.42,63.8,19069.5,17152.8,5000909.87,-791.152,1528.0,1368.0,417500.0,113.391,0,685.0,3900,22600
2023-11-01,102.8868,78.4172,2.9421519080029523,3.7,156661.0,62.8,168140.0,308.087,312.373,252.856,5.33,17957.7,20696.7,4.5,4.49,4.53,4.66,4.64,4.88,5.28,61.3,19151.0,17229.4,5025074.38,-791.152,1503.0,1514.0,429600.0,113.391,0,735.5,4110,22950
2023-12-01,102.6309,78.1414,1.6649438572938458,3.8,156930.0,62.5,167439.0,308.735,313.23,249.866,5.33,17915.1,20701.3,4.02,4.0,4.04,4.14,4.19,4.46,4.96,69.7,19289.9,17267.4,5024351.3,-791.152,1519.0,1521.0,418300.0,113.391,0,636.0,3920,22100
2024-01-01,101.483,77.1945,-0.4599882532059545,3.7,157049.0,62.5,167339.0,309.794,314.389,251.306,5.33,17943.1,20773.2,4.06,3.98,4.03,4.26,4.11,4.32,4.79,79.0,19308.5,17426.2,5038739.97,-841.569,1545.0,1381.0,430400.0,113.845,0,690.5,4110,22350
2024-02-01,102.7267,78.0707,3.6684098739104742,3.9,157271.0,62.6,167475.0,311.022,315.555,254.926,5.33,17983.8,20861.2,4.21,4.19,4.21,4.38,4.33,4.54,4.92,76.9,19412.7,17442.4,5049279.65,-841.569,1577.0,1552.0,420900.0,113.845,0,741.0,3920,22700
2024-03-01,102.5186,77.8455,2.307538978462872,3.9,157517.0,62.7,167922.0,312.107,316.762,255.095,5.33,17980.5,20901.1,4.21,4.2,4.21,4.36,4.38,4.59,4.99,79.4,19553.2,17486.9,5049502.05,-841.569,1476.0,1312.0,436400.0,113.845,0,641.5,4130,23050
2024-04-01,102.3568,77.6572,2.7666317085248235,3.9,157635.0,62.7,167988.0,313.016,317.596,256.978,5.33,17973.8,20932.6,4.54,4.56,4.56,4.66,4.71,4.87,5.14,77.2,19603.3,17464.9,5053175.29,-906.87,1459.0,1385.0,415300.0,114.43,0,692.0,3940,22200
2024-05-01,102.9797,78.0627,3.6498905329054887,4.0,157828.0,62.6,167799.0,313.14,318.053,255.313,5.33,18002.6,20996.9,4.48,4.5,4.49,4.62,4.66,4.86,5.16,69.1,19697.3,17511.1,5061886.0,-906.87,1407.0,1316.0,414300.0,114.43,0,742.5,4150,22550
2024-06-01,103.2534,78.1993,2.628384699123311,4.1,157915.0,62.6,168005.0,313.131,318.343,255.914,5.33,18038.8,21065.2,4.31,4.32,4.3,4.44,4.5,4.74,5.11,68.2,19747.5,17515.6,5063786.67,-906.87,1461.0,1327.0,414000.0,114.43,0,643.0,3960,22900
2024-07-01,102.5192,77.5681,2.568160165442674,4.2,158003.0,62.7,168315.0,313.566,318.933,257.321,5.33,18036.6,21097.7,4.25,4.16,4.19,4.46,4.29,4.5,4.9,66.4,19866.3,17505.0,5081494.04,-943.684,1436.0,1265.0,429000.0,115.241,0,693.5,4170,23250
2024-08-01,103.0196,77.8658,3.485824931202213,4.2,158074.0,62.7,168496.0,314.131,319.839,255.463,5.33,18090.9,21185.1,3.87,3.71,3.77,4.15,3.79,3.97,4.43,67.9,19905.0,17494.6,5089877.75,-943.684,1476.0,1391.0,405800.0,115.241,0,744.0,3980,22400
2024-09-01,102.5954,77.4591,3.658128808208473,4.1,158314.0,62.7,168703.0,314.851,320.835,252.682,5.13,18156.6,21271.8,3.72,3.5,3.6,4.04,3.51,3.62,4.03,70.1,20044.1,17519.6,5094094.77,-943.684,1434.0,1357.0,421100.0,115.241,0,644.5,4190,22750
2024-10-01,102.2138,77.0806,2.4655422814292227,4.1,158358.0,62.5,168428.0,315.564,321.688,253.081,4.83,18214.9,21323.3,4.1,3.91,3.99,4.38,3.9,3.97,4.2,70.5,20123.2,17586.3,5104483.86,-920.084,1428.0,1352.0,426300.0,115.725,0,695.0,4000,23100
2024-11-01,101.9503,76.7875,1.8317298439262928,4.2,158619.0,62.5,168304.0,316.449,322.619,253.211,4.64,18327.6,21424.0,4.36,4.23,4.29,4.54,4.21,4.26,4.33,71.8,20235.1,17618.0,5098390.96,-920.084,1508.0,1295.0,397600.0,115.725,0,745.5,4210,23450
2024-12-01,103.0447,77.5136,-0.0823120098427816,4.1,158942.0,62.5,168547.0,317.603,323.296,253.423,4.48,18358.8,21441.8,4.39,4.25,4.32,4.58,4.22,4.23,4.23,74.0,20408.1,17638.6,4987881.03,-920.084,1480.0,1514.0,423000.0,115.725,0,646.0,4020,22600
